{
	"credit": "Made by Findrek_, https://findrek.tumblr.com/, CEM template by Ewan Howell",
	"textures": {
		"0": "entity/axolotl/axolotl_lucy"
	},
	"elements": [
		{
			"name": "body",
			"from": [5.125, 2, 12.5],
			"to": [10.875, 9.5, 15.5],
			"rotation": {"angle": -45, "axis": "x", "origin": [8, -0.5, 8.5]},
			"faces": {
				"north": {"uv": [6.5, 2.75, 4.5, 5.25], "rotation": 180, "texture": "#0"},
				"east": {"uv": [0, 5.25, 2.5, 6.25], "rotation": 270, "texture": "#0"},
				"south": {"uv": [4.5, 5.25, 2.5, 2.75], "texture": "#0"},
				"west": {"uv": [4.5, 5.25, 7, 6.25], "rotation": 90, "texture": "#0"}
			}
		},
		{
			"name": "body",
			"from": [8, 2.75, 12.5],
			"to": [8, 8.75, 16.25],
			"rotation": {"angle": -45, "axis": "x", "origin": [8, -0.5, 8.5]},
			"faces": {
				"east": {"uv": [0.75, 6.5, 2.75, 7.75], "rotation": 270, "texture": "#0"},
				"west": {"uv": [2.75, 6.5, 0.75, 7.75], "rotation": 90, "texture": "#0"}
			}
		},
		{
			"name": "head",
			"from": [5, 9.25, 2.75],
			"to": [11, 13, 6.5],
			"rotation": {"angle": 0, "axis": "x", "origin": [8, -0.25, 8.5]},
			"faces": {
				"north": {"uv": [1.25, 1.5, 3.25, 2.75], "texture": "#0"},
				"east": {"uv": [0, 1.5, 1.25, 2.75], "texture": "#0"},
				"south": {"uv": [4.5, 1.5, 6.5, 2.75], "texture": "#0"},
				"west": {"uv": [3.25, 1.5, 4.5, 2.75], "texture": "#0"},
				"up": {"uv": [3.25, 1.5, 1.25, 0.25], "texture": "#0"},
				"down": {"uv": [5.25, 0.25, 3.25, 1.5], "texture": "#0"}
			}
		},
		{
			"name": "top_gills",
			"from": [5, 13, 5.75],
			"to": [11, 15.25, 5.75],
			"rotation": {"angle": 22.5, "axis": "x", "origin": [8, 13, 5.75]},
			"faces": {
				"north": {"uv": [0.75, 9.25, 2.75, 10], "texture": "#0"},
				"south": {"uv": [2.75, 9.25, 0.75, 10], "texture": "#0"}
			}
		},
		{
			"name": "left_gills",
			"from": [2.75, 9.25, 5.75],
			"to": [5, 14.5, 5.75],
			"rotation": {"angle": 22.5, "axis": "y", "origin": [5, 11.875, 5.75]},
			"faces": {
				"north": {"uv": [2.75, 10, 3.5, 11.75], "texture": "#0"},
				"south": {"uv": [3.5, 10, 2.75, 11.75], "texture": "#0"}
			}
		},
		{
			"name": "right_gills",
			"from": [11, 9.25, 5.75],
			"to": [13.25, 14.5, 5.75],
			"rotation": {"angle": -22.5, "axis": "y", "origin": [11, 11.875, 5.75]},
			"faces": {
				"north": {"uv": [0, 10, 0.75, 11.75], "texture": "#0"},
				"south": {"uv": [0.75, 10, 0, 11.75], "texture": "#0"}
			}
		},
		{
			"name": "front_left_leg",
			"from": [4.5, 4, 1],
			"to": [6.75, 7.75, 1],
			"rotation": {"angle": 22.5, "axis": "x", "origin": [8, 0.5, 8]},
			"faces": {
				"north": {"uv": [0.5, 3.25, 1.25, 4.5], "texture": "#0"},
				"south": {"uv": [1.25, 3.25, 2, 4.5], "texture": "#0"}
			}
		},
		{
			"name": "front_right_leg",
			"from": [9.25, 4, 1],
			"to": [11.5, 7.75, 1],
			"rotation": {"angle": 22.5, "axis": "x", "origin": [8, 0.5, 8]},
			"faces": {
				"north": {"uv": [0.5, 3.25, 1.25, 4.5], "texture": "#0"},
				"south": {"uv": [1.25, 3.25, 2, 4.5], "texture": "#0"}
			}
		}
	],
	"overrides": [
		{"predicate": {"Variant": 3}, "model": "item/axo3"}
	],
	"display": {
		"thirdperson_righthand": {
			"rotation": [60, 45, 0],
			"translation": [0, 2.5, 0],
			"scale": [0.66, 0.66, 0.66]
		},
		"thirdperson_lefthand": {
			"rotation": [60, 45, 0],
			"translation": [0, 2.5, 0],
			"scale": [0.66, 0.66, 0.66]
		},
		"firstperson_righthand": {
			"rotation": [45, 105, -45],
			"translation": [-0.25, 3.5, 1.5],
			"scale": [0.66, 0.66, 0.66]
		},
		"firstperson_lefthand": {
			"rotation": [45, 105, -45],
			"translation": [-0.25, 3.5, 1.5],
			"scale": [0.66, 0.66, 0.66]
		},
		"ground": {
			"translation": [0, 3, 0],
			"scale": [0.66, 0.66, 0.66]
		},
		"gui": {
			"rotation": [30, 135, 0],
			"translation": [0, 1.5, 0],
			"scale": [1.05, 1.05, 1.05]
		},
		"head": {
			"translation": [0, 14.25, 0]
		},
		"fixed": {
			"rotation": [-90, 0, 0],
			"translation": [0, 0, -11],
			"scale": [1.5, 1.5, 1.5]
		}
	},
	"groups": [
		{
			"name": "axolotl",
			"origin": [0, 0, 0],
			"color": 0,
			"children": [0, 1, 2, 3, 4, 5, 6, 7]
		}
	]
}