{
	"credit": "Made by Findrek_, https://findrek.tumblr.com/, CEM template by Ewan Howell",
	"textures": {
		"0": "entity/fish/tropical_a_pattern_1"
	},
	"elements": [
		{
			"name": "body",
			"from": [1.5, 5.75, 7],
			"to": [7.5, 8.75, 9],
			"rotation": {"angle": -45, "axis": "z", "origin": [8, 5, 8]},
			"faces": {
				"north": {"uv": [0, 3, 3, 4.5], "texture": "#0", "tintindex": 0},
				"east": {"uv": [7, 3, 8, 4.5], "texture": "#0", "tintindex": 0},
				"south": {"uv": [4, 3, 7, 4.5], "texture": "#0", "tintindex": 0},
				"west": {"uv": [3, 3, 4, 4.5], "texture": "#0", "tintindex": 0},
				"up": {"uv": [4, 3, 3, 0], "rotation": 270, "texture": "#0", "tintindex": 0},
				"down": {"uv": [5, 0, 4, 3], "rotation": 90, "texture": "#0", "tintindex": 0}
			}
		},
		{
			"name": "fin_top",
			"from": [1.5, 8.75, 8],
			"to": [7.5, 12.75, 8],
			"rotation": {"angle": -45, "axis": "z", "origin": [8, 5, 8]},
			"faces": {
				"north": {"uv": [11, 0, 8, 2], "texture": "#0", "tintindex": 0},
				"south": {"uv": [8, 0, 11, 2], "texture": "#0", "tintindex": 0}
			}
		},
		{
			"name": "left_fin",
			"from": [4.5, 5.75, 9],
			"to": [4.5, 7.75, 11],
			"rotation": {"angle": -45, "axis": "z", "origin": [8, 5, 8]},
			"faces": {
				"east": {"uv": [2, 6, 1, 7], "texture": "#0", "tintindex": 0},
				"west": {"uv": [1, 6, 2, 7], "texture": "#0", "tintindex": 0}
			}
		},
		{
			"name": "right_fin",
			"from": [4.5, 5.75, 5],
			"to": [4.5, 7.75, 7],
			"rotation": {"angle": -45, "axis": "z", "origin": [8, 5, 8]},
			"faces": {
				"east": {"uv": [2, 8, 1, 9], "texture": "#0", "tintindex": 0},
				"west": {"uv": [1, 8, 2, 9], "texture": "#0", "tintindex": 0}
			}
		}
	],
	"display": {
		"thirdperson_righthand": {
			"rotation": [60, -45, 0],
			"translation": [0, 2.5, 0],
			"scale": [0.66, 0.66, 0.66]
		},
		"thirdperson_lefthand": {
			"rotation": [60, 135, 0],
			"translation": [0, 2.5, 0],
			"scale": [0.66, 0.66, 0.66]
		},
		"firstperson_righthand": {
			"rotation": [0, 10, 11],
			"translation": [-0.25, 3.5, 1.5],
			"scale": [0.66, 0.66, 0.66]
		},
		"firstperson_lefthand": {
			"rotation": [0, -170, -11],
			"translation": [-0.25, 3.5, 1.5],
			"scale": [0.66, 0.66, 0.66]
		},
		"ground": {
			"translation": [0, 3, 0],
			"scale": [0.66, 0.66, 0.66]
		},
		"gui": {
			"rotation": [30, 135, 0],
			"translation": [0, 1.5, 0],
			"scale": [1.05, 1.05, 1.05]
		},
		"head": {
			"translation": [0, 14.25, 0]
		},
		"fixed": {
			"rotation": [-90, 0, 0],
			"translation": [0, 0, -11],
			"scale": [1.5, 1.5, 1.5]
		}
	},
	"groups": [
		{
			"name": "Fish A",
			"origin": [0, 0, 0],
			"color": 0,
			"children": [0, 1, 2, 3]
		}
	]
}