{
	"credit": "Made by Findrek_, https://findrek.tumblr.com/, CEM template by Ewan Howell",
	"textures": {
		"0": "entity/fish/tropical_b_pattern_1"
	},
	"elements": [
		{
			"name": "body",
			"from": [5, 7, 7],
			"to": [11, 13, 9],
			"rotation": {"angle": 0, "axis": "y", "origin": [8, 8, 8]},
			"faces": {
				"north": {"uv": [0, 13, 3, 16], "texture": "#0", "tintindex": 0},
				"east": {"uv": [7, 13, 8, 16], "texture": "#0", "tintindex": 0},
				"south": {"uv": [4, 13, 7, 16], "texture": "#0", "tintindex": 0},
				"west": {"uv": [3, 13, 4, 16], "texture": "#0", "tintindex": 0},
				"up": {"uv": [4, 13, 3, 10], "rotation": 270, "texture": "#0", "tintindex": 0},
				"down": {"uv": [5, 10, 4, 13], "rotation": 90, "texture": "#0", "tintindex": 0}
			}
		},
		{
			"name": "fin_top",
			"from": [5, 13, 8],
			"to": [11, 17, 8],
			"rotation": {"angle": 0, "axis": "y", "origin": [8, 6, 8]},
			"faces": {
				"north": {"uv": [10, 8.5, 13, 10.5], "texture": "#0", "tintindex": 0},
				"south": {"uv": [13, 8.5, 10, 10.5], "texture": "#0", "tintindex": 0}
			}
		},
		{
			"name": "left_fin",
			"from": [8, 7.5, 9],
			"to": [8, 9.5, 11],
			"rotation": {"angle": 22.5, "axis": "y", "origin": [8, 8.5, 9]},
			"faces": {
				"east": {"uv": [2, 6, 1, 7], "texture": "#0", "tintindex": 0},
				"west": {"uv": [1, 6, 2, 7], "texture": "#0", "tintindex": 0}
			}
		},
		{
			"name": "right_fin",
			"from": [8, 7.5, 5],
			"to": [8, 9.5, 7],
			"rotation": {"angle": -22.5, "axis": "y", "origin": [8, 8.5, 7]},
			"faces": {
				"east": {"uv": [2, 8, 1, 9], "texture": "#0", "tintindex": 0},
				"west": {"uv": [1, 8, 2, 9], "texture": "#0", "tintindex": 0}
			}
		},
		{
			"name": "tail",
			"from": [11, 7, 8],
			"to": [17, 13, 8],
			"rotation": {"angle": 0, "axis": "y", "origin": [8, 10, 8]},
			"faces": {
				"north": {"uv": [10, 10.5, 13, 13.5], "texture": "#0", "tintindex": 0},
				"south": {"uv": [13, 10.5, 10, 13.5], "texture": "#0", "tintindex": 0}
			}
		}
	],
	"display": {
		"thirdperson_righthand": {
			"rotation": [60, -45, 0],
			"translation": [0, 2.5, 0],
			"scale": [0.66, 0.66, 0.66]
		},
		"thirdperson_lefthand": {
			"rotation": [60, 135, 0],
			"translation": [0, 2.5, 0],
			"scale": [0.66, 0.66, 0.66]
		},
		"firstperson_righthand": {
			"rotation": [0, 10, 11],
			"translation": [-0.25, 3.5, 1.5],
			"scale": [0.66, 0.66, 0.66]
		},
		"firstperson_lefthand": {
			"rotation": [0, -170, -11],
			"translation": [-0.25, 3.5, 1.5],
			"scale": [0.66, 0.66, 0.66]
		},
		"ground": {
			"translation": [0, 3, 0],
			"scale": [0.66, 0.66, 0.66]
		},
		"gui": {
			"rotation": [30, 135, 0],
			"translation": [0, 1, 0],
			"scale": [1.05, 1.05, 1.05]
		},
		"head": {
			"translation": [0, 14.25, 0]
		},
		"fixed": {
			"rotation": [-90, 0, 0],
			"translation": [0, 0, -11],
			"scale": [1.5, 1.5, 1.5]
		}
	},
	"groups": [
		{
			"name": "Fish B",
			"origin": [0, 0, 0],
			"color": 0,
			"children": [0, 1, 2, 3, 4]
		}
	]
}