{
	"credit": "Made by Findrek_, https://findrek.tumblr.com/",
	"textures": {
		"0": "entity/fish/cod",
		"overlay": "entity/fish/cod",
		"particle": "item/cod"
	},
	"elements": [
		{
			"from": [2, 0, 7],
			"to": [5, 4, 9],
			"faces": {
				"north": {"uv": [5.5, 1.5, 7, 3.5], "texture": "#0"},
				"south": {"uv": [8, 1.5, 9.5, 3.5], "texture": "#0"},
				"west": {"uv": [7, 1.5, 8, 3.5], "texture": "#0"},
				"up": {"uv": [7, 0, 8, 1.5], "rotation": 90, "texture": "#0"},
				"down": {"uv": [8, 0, 9, 1.5], "rotation": 90, "texture": "#0"}
			}
		},
		{
			"from": [5, 0, 7],
			"to": [12, 4, 9],
			"faces": {
				"north": {"uv": [0, 3.5, 3.5, 5.5], "texture": "#overlay"},
				"east": {"uv": [8, 3.5, 9, 5.5], "texture": "#0"},
				"south": {"uv": [4.5, 3.5, 8, 5.5], "texture": "#overlay"},
				"up": {"uv": [3.5, 0, 4.5, 3.5], "rotation": 90, "texture": "#overlay"},
				"down": {"uv": [4.5, 0, 5.5, 3.5], "rotation": 90, "texture": "#overlay"}
			}
		},
		{
			"from": [1, 1, 7],
			"to": [2, 4, 9],
			"faces": {
				"north": {"uv": [0, 0.5, 0.5, 2], "texture": "#0"},
				"south": {"uv": [1.5, 0.5, 2, 2], "texture": "#0"},
				"west": {"uv": [0.5, 0.5, 1.5, 2], "texture": "#0"},
				"up": {"uv": [0.5, 0, 1.5, 0.5], "rotation": 90, "texture": "#0"},
				"down": {"uv": [1.5, 0, 2.5, 0.5], "rotation": 90, "texture": "#0"}
			}
		},
		{
			"from": [12, 0, 8],
			"to": [16, 4, 8],
			"faces": {
				"north": {"uv": [15, 3.5, 13, 5.5], "texture": "#0"},
				"south": {"uv": [13, 3.5, 15, 5.5], "texture": "#0"}
			}
		},
		{
			"from": [4, 4, 8],
			"to": [10, 5, 8],
			"faces": {
				"north": {"uv": [16, 0, 13, 0.5], "texture": "#overlay"},
				"south": {"uv": [13, 0, 16, 0.5], "texture": "#overlay"}
			}
		},
		{
			"from": [4, 1, 9],
			"to": [6, 1, 11],
			"rotation": {"angle": 45, "axis": "x", "origin": [5, 1, 9]},
			"faces": {
				"up": {"uv": [13, 2, 14, 3], "rotation": 90, "texture": "#overlay"},
				"down": {"uv": [14, 2, 13, 3], "rotation": 90, "texture": "#overlay"}
			}
		},
		{
			"from": [4, 1, 5],
			"to": [6, 1, 7],
			"rotation": {"angle": -45, "axis": "x", "origin": [5, 1, 7]},
			"faces": {
				"up": {"uv": [14, 2, 13, 3], "rotation": 90, "texture": "#overlay"},
				"down": {"uv": [13, 2, 14, 3], "rotation": 90, "texture": "#overlay"}
			}
		}
	],
	"display": {
		"thirdperson_righthand": {
			"rotation": [60, -45, -45],
			"translation": [2.5, 1, 3.5],
			"scale": [0.66, 0.66, 0.66]
		},
		"thirdperson_lefthand": {
			"rotation": [60, 135, 45],
			"translation": [2.5, 1, 3.5],
			"scale": [0.66, 0.66, 0.66]
		},
		"firstperson_righthand": {
			"rotation": [30, -90, 0],
			"translation": [4, 5, 5]
		},
		"firstperson_lefthand": {
			"rotation": [30, 90, 0],
			"translation": [4, 5, 5]
		},
		"ground": {
			"translation": [0, 4, 0],
			"scale": [0.66, 0.66, 0.66]
		},
		"gui": {
			"rotation": [30, 135, 0],
			"translation": [0, 6, 0],
			"scale": [1.2, 1.2, 1.2]
		},
		"head": {
			"rotation": [90, 0, 90],
			"translation": [-6, 7.4, 1]
		},
		"fixed": {
			"translation": [2, 9.5, -2],
			"scale": [1.66, 1.66, 1.66]
		}
	}
}