{
	"credit": "Made by Findrek_, https://findrek.tumblr.com/, CEM template by Ewan Howell",
	"textures": {
		"0": "entity/fish/cod"
	},
	"elements": [
		{
			"name": "head",
			"from": [8.5, 9.125, 7],
			"to": [12.5, 12.125, 9],
			"rotation": {"angle": 45, "axis": "z", "origin": [8, 5.125, 8]},
			"faces": {
				"north": {"uv": [5.5, 1.5, 7, 3.5], "rotation": 270, "texture": "#0"},
				"east": {"uv": [8, 1.5, 7, 0], "texture": "#0"},
				"south": {"uv": [8, 1.5, 9.5, 3.5], "rotation": 90, "texture": "#0"},
				"west": {"uv": [9, 0, 8, 1.5], "rotation": 180, "texture": "#0"},
				"up": {"uv": [7, 1.5, 8, 3.5], "rotation": 90, "texture": "#0"}
			}
		},
		{
			"name": "left_fin",
			"from": [9.5, 8.125, 9],
			"to": [9.5, 10.125, 11],
			"rotation": {"angle": 45, "axis": "z", "origin": [8, 5.125, 8]},
			"faces": {
				"east": {"uv": [14, 3, 13, 2], "texture": "#0"},
				"west": {"uv": [13, 3, 14, 2], "texture": "#0"}
			}
		},
		{
			"name": "right_fin",
			"from": [9.5, 8.125, 5],
			"to": [9.5, 10.125, 7],
			"rotation": {"angle": 45, "axis": "z", "origin": [8, 5.125, 8]},
			"faces": {
				"east": {"uv": [14, 1.5, 13, 0.5], "texture": "#0"},
				"west": {"uv": [13, 1.5, 14, 0.5], "texture": "#0"}
			}
		},
		{
			"name": "body",
			"from": [4, 5.625, 7],
			"to": [9, 9.625, 9],
			"rotation": {"angle": -45, "axis": "z", "origin": [8, 5.125, 8]},
			"faces": {
				"north": {"uv": [1, 3.5, 3.5, 5.5], "texture": "#0"},
				"south": {"uv": [4.5, 3.5, 7, 5.5], "texture": "#0"},
				"up": {"uv": [4.5, 3.5, 3.5, 1], "rotation": 270, "texture": "#0"},
				"down": {"uv": [5.5, 1, 4.5, 3.5], "rotation": 90, "texture": "#0"}
			}
		},
		{
			"name": "fin_back",
			"from": [3, 9.625, 8],
			"to": [8, 10.625, 8],
			"rotation": {"angle": -45, "axis": "z", "origin": [8, 5.125, 8]},
			"faces": {
				"north": {"uv": [13, 0, 15.5, 0.5], "rotation": 180, "texture": "#0"},
				"south": {"uv": [13, 0, 15.5, 0.5], "texture": "#0"}
			}
		},
		{
			"name": "nose",
			"from": [0, 6.625, 7],
			"to": [1, 9.625, 9],
			"rotation": {"angle": -45, "axis": "z", "origin": [8, 5.125, 8]},
			"faces": {
				"north": {"uv": [0, 0.5, 0.5, 2], "texture": "#0"},
				"south": {"uv": [1.5, 0.5, 2, 2], "texture": "#0"},
				"west": {"uv": [0.5, 0.5, 1.5, 2], "texture": "#0"},
				"up": {"uv": [1.5, 0.5, 0.5, 0], "rotation": 270, "texture": "#0"},
				"down": {"uv": [2.5, 0, 1.5, 0.5], "rotation": 90, "texture": "#0"}
			}
		}
	],
	"display": {
		"thirdperson_righthand": {
			"rotation": [60, -45, 0],
			"translation": [0, 2.5, 0],
			"scale": [0.66, 0.66, 0.66]
		},
		"thirdperson_lefthand": {
			"rotation": [60, 135, 0],
			"translation": [0, 2.5, 0],
			"scale": [0.66, 0.66, 0.66]
		},
		"firstperson_righthand": {
			"rotation": [0, 10, 11],
			"translation": [-0.25, 3.5, 1.5],
			"scale": [0.66, 0.66, 0.66]
		},
		"firstperson_lefthand": {
			"rotation": [0, -170, -11],
			"translation": [-0.25, 3.5, 1.5],
			"scale": [0.66, 0.66, 0.66]
		},
		"ground": {
			"translation": [0, 3, 0],
			"scale": [0.66, 0.66, 0.66]
		},
		"gui": {
			"rotation": [30, 135, 0],
			"translation": [0, 1.5, 0],
			"scale": [1.05, 1.05, 1.05]
		},
		"head": {
			"translation": [0, 14.25, 0]
		},
		"fixed": {
			"rotation": [-90, 0, 0],
			"translation": [0, 0, -11],
			"scale": [1.5, 1.5, 1.5]
		}
	},
	"groups": [
		{
			"name": "cod",
			"origin": [8, 8, 8],
			"color": 0,
			"children": [0, 1, 2, 3, 4, 5]
		}
	]
}