{
	"credit": "Made by Findrek_, https://findrek.tumblr.com/, CEM template by Ewan Howell",
	"textures": {
		"0": "entity/fish/pufferfish",
		"particle": "item/pufferfish"
	},
	"elements": [
		{
			"name": "body",
			"from": [4, 0, 4],
			"to": [12, 8, 12],
			"faces": {
				"north": {"uv": [4, 4, 8, 8], "texture": "#0"},
				"east": {"uv": [0, 4, 4, 8], "texture": "#0"},
				"south": {"uv": [12, 4, 16, 8], "texture": "#0"},
				"west": {"uv": [8, 4, 12, 8], "texture": "#0"},
				"up": {"uv": [8, 4, 4, 0], "texture": "#0"},
				"down": {"uv": [12, 0, 8, 4], "texture": "#0"}
			}
		},
		{
			"name": "body",
			"from": [4, 8, 8],
			"to": [12, 9, 8],
			"faces": {
				"north": {"uv": [7.5, 8.5, 11.5, 9], "texture": "#0"},
				"south": {"uv": [11.5, 8.5, 7.5, 9], "texture": "#0"}
			}
		},
		{
			"name": "body",
			"from": [4, -1, 8],
			"to": [12, 0, 8],
			"faces": {
				"north": {"uv": [7.5, 10, 11.5, 10.5], "texture": "#0"},
				"south": {"uv": [11.5, 10, 7.5, 10.5], "texture": "#0"}
			}
		},
		{
			"name": "top_front_spikes",
			"from": [4, 8, 4],
			"to": [12, 9, 4],
			"rotation": {"angle": -22.5, "axis": "x", "origin": [8, 8, 4]},
			"faces": {
				"north": {"uv": [7.5, 8.5, 11.5, 9], "texture": "#0"},
				"south": {"uv": [11.5, 8.5, 7.5, 9], "texture": "#0"}
			}
		},
		{
			"name": "left_front_spikes",
			"from": [3, 0, 4],
			"to": [4, 8, 4],
			"rotation": {"angle": -22.5, "axis": "y", "origin": [4, 4, 4]},
			"faces": {
				"north": {"uv": [0.5, 8.5, 1, 12.5], "texture": "#0"},
				"south": {"uv": [1, 8.5, 0.5, 12.5], "texture": "#0"}
			}
		},
		{
			"name": "right_front_spikes",
			"from": [12, 0, 4],
			"to": [13, 8, 4],
			"rotation": {"angle": 22.5, "axis": "y", "origin": [12, 4, 4]},
			"faces": {
				"north": {"uv": [2.5, 8.5, 3, 12.5], "texture": "#0"},
				"south": {"uv": [3, 8.5, 2.5, 12.5], "texture": "#0"}
			}
		},
		{
			"name": "bottom_front_spikes",
			"from": [4, -1, 4],
			"to": [12, 0, 4],
			"rotation": {"angle": 22.5, "axis": "x", "origin": [8, 0, 4]},
			"faces": {
				"north": {"uv": [7.5, 10, 11.5, 10.5], "texture": "#0"},
				"south": {"uv": [11.5, 10, 7.5, 10.5], "texture": "#0"}
			}
		},
		{
			"name": "top_back_spikes",
			"from": [4, 8, 12],
			"to": [12, 9, 12],
			"rotation": {"angle": 22.5, "axis": "x", "origin": [8, 8, 12]},
			"faces": {
				"north": {"uv": [11.5, 9, 15.5, 9.5], "texture": "#0"},
				"south": {"uv": [15.5, 9, 11.5, 9.5], "texture": "#0"}
			}
		},
		{
			"name": "left_back_spikes",
			"from": [3, 0, 12],
			"to": [4, 8, 12],
			"rotation": {"angle": 22.5, "axis": "y", "origin": [4, 4, 12]},
			"faces": {
				"north": {"uv": [4.5, 8.5, 5, 12.5], "texture": "#0"},
				"south": {"uv": [5, 8.5, 4.5, 12.5], "texture": "#0"}
			}
		},
		{
			"name": "right_back_spikes",
			"from": [12, 0, 12],
			"to": [13, 8, 12],
			"rotation": {"angle": -22.5, "axis": "y", "origin": [12, 4, 12]},
			"faces": {
				"north": {"uv": [4.5, 8.5, 5, 12.5], "texture": "#0"},
				"south": {"uv": [5, 8.5, 4.5, 12.5], "texture": "#0"}
			}
		},
		{
			"name": "bottom_back_spikes",
			"from": [4, -1, 12],
			"to": [12, 0, 12],
			"rotation": {"angle": -22.5, "axis": "x", "origin": [8, 0, 12]},
			"faces": {
				"north": {"uv": [7.5, 10, 11.5, 10.5], "texture": "#0"},
				"south": {"uv": [11.5, 10, 7.5, 10.5], "texture": "#0"}
			}
		},
		{
			"name": "fin_left",
			"from": [2, 7, 5.01],
			"to": [4, 7, 7.01],
			"faces": {
				"up": {"uv": [14, 2.5, 13, 1.5], "texture": "#0"},
				"down": {"uv": [14, 1.5, 13, 2.5], "texture": "#0"}
			}
		},
		{
			"name": "fin_right",
			"from": [12, 7, 5.01],
			"to": [14, 7, 7.01],
			"faces": {
				"north": {"uv": [13, 1, 14, 1.5], "texture": "#0"},
				"east": {"uv": [12, 1, 13, 1.5], "texture": "#0"},
				"south": {"uv": [15, 1, 16, 1.5], "texture": "#0"},
				"west": {"uv": [14, 1, 15, 1.5], "texture": "#0"},
				"up": {"uv": [14, 1, 13, 0], "texture": "#0"},
				"down": {"uv": [14, 0, 13, 1], "texture": "#0"}
			}
		}
	],
	"display": {
		"thirdperson_righthand": {
			"rotation": [75, 45, 0],
			"translation": [0, 2, 0],
			"scale": [0.66, 0.66, 0.66]
		},
		"thirdperson_lefthand": {
			"rotation": [75, 45, 0],
			"translation": [0, 2, 0],
			"scale": [0.66, 0.66, 0.66]
		},
		"firstperson_righthand": {
			"rotation": [0, 90, 0],
			"translation": [2.5, 4.5, 0.5],
			"scale": [0.66, 0.66, 0.66]
		},
		"firstperson_lefthand": {
			"rotation": [0, 90, 0],
			"translation": [2.5, 4.5, 0.5],
			"scale": [0.66, 0.66, 0.66]
		},
		"ground": {
			"translation": [0, 4, 0],
			"scale": [0.66, 0.66, 0.66]
		},
		"gui": {
			"rotation": [30, 135, 0],
			"translation": [0, 3.5, 0]
		},
		"head": {
			"translation": [0, 14.5, 0]
		},
		"fixed": {
			"translation": [0, 7, -1],
			"scale": [1.66, 1.66, 1.66]
		}
	},
	"groups": [
		{
			"name": "body",
			"origin": [0, 0, 0],
			"color": 0,
			"children": [0, 1, 2, 3, 4, 5, 6, 7, 8, 9, 10, 11, 12]
		}
	]
}