{
	"credit": "Made by Findrek_, https://findrek.tumblr.com/, CEM template by Ewan Howell",
	"textures": {
		"0": "entity/fish/salmon"
	},
	"elements": [
		{
			"name": "body_front",
			"from": [1.75, 5.25, 7.25],
			"to": [5.75, 7.75, 8.75],
			"rotation": {"angle": -45, "axis": "z", "origin": [8.25, 4, 8]},
			"faces": {
				"north": {"uv": [0, 4, 4, 6.5], "texture": "#0"},
				"south": {"uv": [5.5, 4, 9.5, 6.5], "texture": "#0"},
				"west": {"uv": [4, 4, 5.5, 6.5], "texture": "#0"},
				"up": {"uv": [5.5, 4, 4, 0], "rotation": 270, "texture": "#0"},
				"down": {"uv": [7, 0, 5.5, 4], "rotation": 90, "texture": "#0"}
			}
		},
		{
			"name": "fin_back_1",
			"from": [4.25, 7.75, 8],
			"to": [5.75, 8.75, 8],
			"rotation": {"angle": -45, "axis": "z", "origin": [8.25, 4, 8]},
			"faces": {
				"north": {"uv": [2.5, 3, 4, 2], "rotation": 180, "texture": "#0"},
				"south": {"uv": [2.5, 2, 4, 3], "texture": "#0"}
			}
		},
		{
			"name": "fin_back_2",
			"from": [5.75, 7.75, 8],
			"to": [7.25, 8.75, 8],
			"rotation": {"angle": -45, "axis": "z", "origin": [8.25, 4, 8]},
			"faces": {
				"north": {"uv": [2.5, 4, 4, 3], "rotation": 180, "texture": "#0"},
				"south": {"uv": [2.5, 3, 4, 4], "texture": "#0"}
			}
		},
		{
			"name": "body_back",
			"from": [5.75, 5.25, 7.25],
			"to": [8.75, 7.75, 8.75],
			"rotation": {"angle": -45, "axis": "z", "origin": [8.25, 4, 8]},
			"faces": {
				"north": {"uv": [1, 10.5, 4, 13], "texture": "#0"},
				"south": {"uv": [5.5, 10.5, 8.5, 13], "texture": "#0"},
				"up": {"uv": [5.5, 10.5, 4, 7.5], "rotation": 270, "texture": "#0"},
				"down": {"uv": [7, 7.5, 5.5, 10.5], "rotation": 90, "texture": "#0"}
			}
		},
		{
			"name": "head",
			"from": [0.25, 5.5, 7.5],
			"to": [1.75, 7.5, 8.5],
			"rotation": {"angle": -45, "axis": "z", "origin": [8.25, 4, 8]},
			"faces": {
				"north": {"uv": [11, 1.5, 12.5, 3.5], "texture": "#0"},
				"south": {"uv": [13.5, 1.5, 15, 3.5], "texture": "#0"},
				"west": {"uv": [12.5, 1.5, 13.5, 3.5], "texture": "#0"},
				"up": {"uv": [13.5, 1.5, 12.5, 0], "rotation": 270, "texture": "#0"},
				"down": {"uv": [14.5, 0, 13.5, 1.5], "rotation": 90, "texture": "#0"}
			}
		},
		{
			"name": "right_fin",
			"from": [1.75, 5.75, 6.25],
			"to": [2.75, 5.75, 7.25],
			"rotation": {"angle": -45, "axis": "z", "origin": [8.25, 4, 8]},
			"faces": {
				"up": {"uv": [2, 1, 3, 0], "rotation": 270, "texture": "#0"},
				"down": {"uv": [2, 0, 3, 1], "rotation": 90, "texture": "#0"}
			}
		},
		{
			"name": "left_fin",
			"from": [1.75, 5.75, 8.75],
			"to": [2.75, 5.75, 9.75],
			"rotation": {"angle": -45, "axis": "z", "origin": [8.25, 4, 8]},
			"faces": {
				"up": {"uv": [2, 0, 3, 1], "rotation": 90, "texture": "#0"},
				"down": {"uv": [2, 1, 3, 0], "rotation": 270, "texture": "#0"}
			}
		}
	],
	"display": {
		"thirdperson_righthand": {
			"rotation": [60, -45, 0],
			"translation": [0, 2.5, 0],
			"scale": [0.66, 0.66, 0.66]
		},
		"thirdperson_lefthand": {
			"rotation": [60, 135, 0],
			"translation": [0, 2.5, 0],
			"scale": [0.66, 0.66, 0.66]
		},
		"firstperson_righthand": {
			"rotation": [0, 10, 11],
			"translation": [-0.25, 3.5, 1.5],
			"scale": [0.66, 0.66, 0.66]
		},
		"firstperson_lefthand": {
			"rotation": [0, -170, -11],
			"translation": [-0.25, 3.5, 1.5],
			"scale": [0.66, 0.66, 0.66]
		},
		"ground": {
			"translation": [0, 3, 0],
			"scale": [0.66, 0.66, 0.66]
		},
		"gui": {
			"rotation": [30, 135, 0],
			"translation": [0, 1.5, 0],
			"scale": [1.05, 1.05, 1.05]
		},
		"head": {
			"translation": [0, 14.25, 0]
		},
		"fixed": {
			"rotation": [-90, 0, 0],
			"translation": [0, 0, -11],
			"scale": [1.5, 1.5, 1.5]
		}
	},
	"groups": [
		{
			"name": "salmon",
			"origin": [0, 0, 0],
			"color": 0,
			"children": [0, 1, 2, 3, 4, 5, 6]
		}
	]
}