{
	"credit": "Made by Findrek_, https://findrek.tumblr.com/, CEM template by Ewan Howell",
	"textures": {
		"0": "entity/fish/salmon"
	},
	"elements": [
		{
			"name": "body_front",
			"from": [7.25, 4, 6.5],
			"to": [12.25, 12, 9.5],
			"rotation": {"angle": 22.5, "axis": "z", "origin": [8.25, 4, 8]},
			"faces": {
				"north": {"uv": [0, 4, 4, 6.5], "rotation": 270, "texture": "#0"},
				"east": {"uv": [5.5, 4, 4, 0], "texture": "#0"},
				"south": {"uv": [5.5, 4, 9.5, 6.5], "rotation": 90, "texture": "#0"},
				"west": {"uv": [7, 0, 5.5, 4], "rotation": 180, "texture": "#0"},
				"up": {"uv": [4, 4, 5.5, 6.5], "rotation": 90, "texture": "#0"}
			}
		},
		{
			"name": "head",
			"from": [7.75, 12, 7],
			"to": [11.75, 15, 9],
			"rotation": {"angle": 22.5, "axis": "z", "origin": [8.25, 4, 8]},
			"faces": {
				"north": {"uv": [11, 1.5, 12.5, 3.5], "rotation": 270, "texture": "#0"},
				"east": {"uv": [13.5, 1.5, 12.5, 0], "texture": "#0"},
				"south": {"uv": [13.5, 1.5, 15, 3.5], "rotation": 90, "texture": "#0"},
				"west": {"uv": [14.5, 0, 13.5, 1.5], "rotation": 180, "texture": "#0"},
				"up": {"uv": [12.5, 1.5, 13.5, 3.5], "rotation": 90, "texture": "#0"}
			}
		},
		{
			"name": "right_fin",
			"from": [8.25, 10, 4.5],
			"to": [8.25, 12, 6.5],
			"rotation": {"angle": 22.5, "axis": "z", "origin": [8.25, 4, 8]},
			"faces": {
				"east": {"uv": [2, 1, 3, 0], "texture": "#0"},
				"west": {"uv": [2, 0, 3, 1], "rotation": 180, "texture": "#0"}
			}
		},
		{
			"name": "left_fin",
			"from": [8.25, 10, 9.5],
			"to": [8.25, 12, 11.5],
			"rotation": {"angle": 22.5, "axis": "z", "origin": [8.25, 4, 8]},
			"faces": {
				"east": {"uv": [2, 0, 3, 1], "rotation": 180, "texture": "#0"},
				"west": {"uv": [2, 1, 3, 0], "texture": "#0"}
			}
		}
	],
	"display": {
		"thirdperson_righthand": {
			"rotation": [60, -45, 0],
			"translation": [0, 2.5, 0],
			"scale": [0.66, 0.66, 0.66]
		},
		"thirdperson_lefthand": {
			"rotation": [60, 135, 0],
			"translation": [0, 2.5, 0],
			"scale": [0.66, 0.66, 0.66]
		},
		"firstperson_righthand": {
			"rotation": [0, 10, 11],
			"translation": [-0.25, 3.5, 1.5],
			"scale": [0.66, 0.66, 0.66]
		},
		"firstperson_lefthand": {
			"rotation": [0, -170, -11],
			"translation": [-0.25, 3.5, 1.5],
			"scale": [0.66, 0.66, 0.66]
		},
		"ground": {
			"translation": [0, 3, 0],
			"scale": [0.66, 0.66, 0.66]
		},
		"gui": {
			"rotation": [30, 135, 0],
			"translation": [0, 1.5, 0],
			"scale": [1.05, 1.05, 1.05]
		},
		"head": {
			"translation": [0, 14.25, 0]
		},
		"fixed": {
			"rotation": [-90, 0, 0],
			"translation": [0, 0, -11],
			"scale": [1.5, 1.5, 1.5]
		}
	},
	"groups": [
		{
			"name": "salmon",
			"origin": [0, 0, 0],
			"color": 0,
			"children": [0, 1, 2, 3]
		}
	]
}