{
	"credit": "Made by Findrek_, https://findrek.tumblr.com/",
	"textures": {
		"3": "entity/tadpole/tadpole",
		"particle": "entity/tadpole/tadpole",
		"base": "item/bucket1",
		"liquid": "block/water_still"
	},
	"elements": [
		{
			"from": [6.5, 7, 5],
			"to": [9.5, 9, 8],
			"rotation": {"angle": 45, "axis": "x", "origin": [8, 8, 7.5]},
			"faces": {
				"north": {"uv": [3, 3, 6, 5], "texture": "#3"},
				"east": {"uv": [0, 3, 3, 5], "texture": "#3"},
				"south": {"uv": [9, 3, 12, 5], "texture": "#3"},
				"west": {"uv": [6, 3, 9, 5], "texture": "#3"},
				"up": {"uv": [3, 0, 6, 3], "rotation": 180, "texture": "#3"},
				"down": {"uv": [6, 0, 9, 3], "texture": "#3"}
			}
		},
		{
			"from": [3, 6.5, 7],
			"to": [9, 8.5, 7],
			"rotation": {"angle": 45, "axis": "y", "origin": [9, 7.5, 7]},
			"faces": {
				"north": {"uv": [6, 7, 0, 9], "texture": "#3"},
				"south": {"uv": [0, 7, 6, 9], "texture": "#3"}
			}
		},
		{
			"from": [4, 3, 4],
			"to": [12, 9, 12],
			"rotation": {"angle": 0, "axis": "y", "origin": [8, 4, 8]},
			"faces": {
				"north": {"uv": [8, 0, 0, 12], "texture": "#base"},
				"east": {"uv": [0, 0, 8, 12], "texture": "#base"},
				"south": {"uv": [8, 0, 0, 12], "texture": "#base"},
				"west": {"uv": [0, 0, 8, 12], "texture": "#base"},
				"up": {"uv": [8, 0, 16, 16], "texture": "#base"},
				"down": {"uv": [2, 14, 3, 16], "texture": "#base"}
			}
		},
		{
			"from": [11, 3, 5],
			"to": [5, 9, 11],
			"rotation": {"angle": 0, "axis": "y", "origin": [8, 4, 8]},
			"faces": {
				"north": {"uv": [6, 2, 8, 12], "texture": "#base"},
				"east": {"uv": [6, 2, 8, 12], "texture": "#base"},
				"south": {"uv": [6, 2, 8, 12], "texture": "#base"},
				"west": {"uv": [6, 2, 8, 12], "texture": "#base"}
			}
		},
		{
			"from": [5, 0, 5],
			"to": [11, 3, 11],
			"rotation": {"angle": 0, "axis": "y", "origin": [8, 0, 8]},
			"faces": {
				"north": {"uv": [7, 12, 1, 16], "texture": "#base"},
				"east": {"uv": [1, 12, 7, 16], "texture": "#base"},
				"south": {"uv": [7, 12, 1, 16], "texture": "#base"},
				"west": {"uv": [1, 12, 7, 16], "texture": "#base"},
				"up": {"uv": [6, 14, 7, 16], "rotation": 270, "texture": "#base"},
				"down": {"uv": [0, 14, 1, 16], "rotation": 90, "texture": "#base"}
			}
		},
		{
			"name": "handle",
			"from": [3, 0.5, 8],
			"to": [4, 8.5, 9],
			"rotation": {"angle": 45, "axis": "x", "origin": [8, 8.5, 8]},
			"faces": {
				"north": {"uv": [7, 15, 8, 16], "texture": "#base"},
				"east": {"uv": [7, 15, 8, 16], "texture": "#base"},
				"south": {"uv": [7, 15, 8, 16], "texture": "#base"},
				"west": {"uv": [7, 15, 8, 16], "texture": "#base"},
				"up": {"uv": [7, 15, 8, 16], "texture": "#base"},
				"down": {"uv": [7, 15, 8, 16], "texture": "#base"}
			}
		},
		{
			"name": "handle",
			"from": [4, 0.5, 8],
			"to": [12, 1.5, 9],
			"rotation": {"angle": 45, "axis": "x", "origin": [8, 8.5, 8]},
			"faces": {
				"north": {"uv": [7, 15, 8, 16], "texture": "#base"},
				"south": {"uv": [7, 15, 8, 16], "texture": "#base"},
				"up": {"uv": [7, 15, 8, 16], "texture": "#base"},
				"down": {"uv": [7, 15, 8, 16], "texture": "#base"}
			}
		},
		{
			"name": "handle",
			"from": [12, 0.5, 8],
			"to": [13, 8.5, 9],
			"rotation": {"angle": 45, "axis": "x", "origin": [8, 8.5, 8]},
			"faces": {
				"north": {"uv": [7, 15, 8, 16], "texture": "#base"},
				"east": {"uv": [7, 15, 8, 16], "texture": "#base"},
				"south": {"uv": [7, 15, 8, 16], "texture": "#base"},
				"west": {"uv": [7, 15, 8, 16], "texture": "#base"},
				"up": {"uv": [7, 15, 8, 16], "texture": "#base"},
				"down": {"uv": [7, 15, 8, 16], "texture": "#base"}
			}
		},
		{
			"name": "liquid",
			"from": [5, 7.5, 5],
			"to": [11, 8.5, 11],
			"rotation": {"angle": 0, "axis": "y", "origin": [8, 12, 8]},
			"faces": {
				"up": {"uv": [5, 5, 11, 11], "texture": "#liquid", "tintindex": 0}
			}
		},
		{
			"name": "liquid2",
			"from": [5, 7.5, 5],
			"to": [11, 8.5, 11],
			"rotation": {"angle": 0, "axis": "y", "origin": [8, 12, 8]},
			"faces": {
				"up": {"uv": [5, 5, 11, 11], "texture": "#liquid", "tintindex": 0}
			}
		},
		{
			"name": "drip1",
			"from": [6, 6.5, 3.99],
			"to": [8, 8.5, 4.51],
			"rotation": {"angle": 0, "axis": "y", "origin": [6, 8.5, -5]},
			"faces": {
				"north": {"uv": [0, 0, 2, 2], "texture": "#liquid", "tintindex": 0}
			}
		},
		{
			"name": "drip2",
			"from": [7, 4.5, 3.99],
			"to": [8, 5.5, 4.51],
			"rotation": {"angle": 0, "axis": "y", "origin": [7, 6.5, -5]},
			"faces": {
				"north": {"uv": [1, 3, 2, 4], "texture": "#liquid", "tintindex": 0}
			}
		},
		{
			"name": "drip3",
			"from": [3.99, 7.5, 9],
			"to": [4.51, 8.5, 10],
			"rotation": {"angle": 0, "axis": "y", "origin": [8, 15.5, 11]},
			"faces": {
				"west": {"uv": [9, 0, 10, 1], "texture": "#liquid", "tintindex": 0}
			}
		},
		{
			"name": "drip4",
			"from": [6, 5.5, 11.49],
			"to": [7, 6.5, 12.01],
			"rotation": {"angle": 0, "axis": "y", "origin": [8, 7.5, 20]},
			"faces": {
				"south": {"uv": [9, 0, 10, 1], "texture": "#liquid", "tintindex": 0}
			}
		}
	],
	"display": {
		"thirdperson_righthand": {
			"rotation": [60, 45, 0],
			"translation": [0, 2.5, 0],
			"scale": [0.66, 0.66, 0.66]
		},
		"thirdperson_lefthand": {
			"rotation": [60, 45, 0],
			"translation": [0, 2.5, 0],
			"scale": [0.66, 0.66, 0.66]
		},
		"firstperson_righthand": {
			"rotation": [45, 105, -45],
			"translation": [-0.25, 3.5, 1.5],
			"scale": [0.66, 0.66, 0.66]
		},
		"firstperson_lefthand": {
			"rotation": [45, 105, -45],
			"translation": [-0.25, 3.5, 1.5],
			"scale": [0.66, 0.66, 0.66]
		},
		"ground": {
			"translation": [0, 3, 0],
			"scale": [0.66, 0.66, 0.66]
		},
		"gui": {
			"rotation": [30, 135, 0],
			"translation": [0, 2.5, 0],
			"scale": [1.05, 1.05, 1.05]
		},
		"head": {
			"translation": [0, 14.25, 0]
		},
		"fixed": {
			"rotation": [-90, 0, 0],
			"translation": [0, 0, -11],
			"scale": [1.5, 1.5, 1.5]
		}
	},
	"groups": [
		0,
		1,
		{
			"name": "bucket5",
			"origin": [8, 8, 8],
			"color": 0,
			"children": [2, 3, 4, 5, 6, 7, 8, 9, 10, 11, 12]
		}
	]
}