{
    "parent": "block/ladder",
	"gui_light": "side",
    "display": {
		"thirdperson_righthand": {
			"translation": [0, 3, -2.5],
			"scale": [0.55, 0.55, 0.55]
		},
		"thirdperson_lefthand": {
			"translation": [0, 3, -2.5],
			"scale": [0.55, 0.55, 0.55]
		},
		"firstperson_righthand": {
			"rotation": [-16, 9.5, 0],
			"translation": [-0.25, 3, 0],
			"scale": [0.4, 0.4, 0.4]
		},
		"firstperson_lefthand": {
			"rotation": [-16, 9.5, 0],
			"translation": [-0.25, 3, 0],
			"scale": [0.4, 0.4, 0.4]
		},
		"ground": {
			"translation": [0, 2, -3.5],
			"scale": [0.5, 0.5, 0.5]
		},
		"gui": {
			"rotation": [21, 44, 0],
			"translation": [-3.75, 1.5, 0],
			"scale": [0.85, 0.85, 0.85]
		},
		"head": {
			"translation": [0, 3, -14]
		},
		"fixed": {
			"rotation": [0, 180, 0],
			"translation": [0, 0, 7.75]
		}
	}
}