{
  "config_version": 4,
  "loadbuiltin": true,
  "quark": false,
  "dark": false,
  "oldChooseWheel": false,
  "perspective": true,
  "default3rdPersonFront": false,
  "showicon": true,
  "enableNSFW": false,
  "alwaysOpenScreen": false,
  "debug": true,
  "validate": false,
  "validationThreshold": 8.0,
  "emotesFolderOnLogicalServer": false,
  "emotesDirectory": "emotes",
  "autoFixEmoteStop": true,
  "alwaysValidateEmote": false,
  "playersafety": true,
  "stopthreshold": 0.04,
  "yratio": 0.75,
  "showHiddenConfig": false,
  "neverRemoveBadIcon": false,
  "exportBuiltin": false,
  "hideWarning": false,
  "fastmenu": {
    "0": {
      "5": "96506a5e-a69c-4a18-9add-d43dfd272fa6"
    }
  },
  "keys": {}
}