{
  "sorting": "ascending",
  "count_libraries": false,
  "compact_list": true,
  "count_children": true,
  "mods_button_style": "shrink",
  "game_menu_button_style": "icon",
  "count_hidden_mods": false,
  "mod_count_location": "title_screen",
  "hide_mod_links": false,
  "show_libraries": false,
  "hide_mod_license": true,
  "hide_badges": true,
  "hide_mod_credits": true,
  "easter_eggs": false,
  "modify_title_screen": true,
  "modify_game_menu": true,
  "hide_config_buttons": false,
  "random_java_colors": false,
  "translate_names": true,
  "translate_descriptions": true,
  "config_mode": false,
  "disable_drag_and_drop": false,
  "hidden_mods": [
    "minecraft",
    "puzzle-models",
    "puzzle-splashscreen",
    "citresewn-defaults",
    "indium",
    "puzzle-gui",
    "puzzle-base"
  ],
  "hidden_configs": [],
  "disable_update_checker": [],
  "update_checker": false,
  "button_update_badge": false,
  "quick_configure": true
}