{
  "disabledIntegrations": [
    "cem",
    "citresewn",
    "continuity",
    "cullleaves",
    "entity_texture_features",
    "iris",
    "lambdabettergrass",
    "lambdynlights",
    "dynamicfps",
    "borderlessmining",
    "colormatic",
    "entity_model_features"
  ],
  "enablePuzzleButton": false,
  "resourcepackSplashScreen": true,
  "unlimitedRotations": true,
  "biggerModels": true,
  "debugMessages": false,
  "hasCustomSplashScreen": false,
  "backgroundColor": 15675965,
  "progressBarColor": 16777215,
  "progressBarBackgroundColor": 15675965,
  "progressFrameColor": 16777215,
  "disableBlend": false,
  "customBlendFunction": []
}