{
  "Notes": [
    "Safe values for settings are 0 - 1 (inclusive).",
    "0 means animation off (no smoothness) and bigger values mean slower animation speed (high smoothness).",
    "Press F3+T in a world to update the config.",
    "To access config ingame, use the mod modmenu."
  ],
  "Hotbar": {
    "Smoothness": 0.25,
    "Rollover": true
  },
  "Chat": {
    "Smoothness": 0.4,
    "Opening Speed": 0.3
  },
  "Creative Screen": {
    "Smoothness": 0.3
  },
  "Entry List": {
    "Smoothness": 0.5,
    "Speed": 30.0
  },
  "Misc": {
    "Enable mask debug": false
  },
  "Format": 2.2
}