{
    "net.minecraft.class_481": {
        "buttonHints": {
            "SHOW_EDITOR": {
                "horizontalOffset": 48,
                "top": 337
            },
            "SETTINGS": {
                "horizontalOffset": 36,
                "top": 322
            }
        }
    },
    "net.minecraft.class_479": {
        "buttonHints": {
            "SHOW_EDITOR": {
                "horizontalOffset": 53,
                "top": 335
            },
            "SETTINGS": {
                "horizontalOffset": 40,
                "top": 320
            },
            "MOVE_TO_CONTAINER": {
                "horizontalOffset": 10
            }
        }
    },
    "net.minecraft.class_490": {
        "buttonHints": {
            "SHOW_EDITOR": {
                "horizontalOffset": 53,
                "top": 335
            },
            "SETTINGS": {
                "horizontalOffset": 40,
                "top": 320
            }
        }
    },
    "com.tiviacz.travelersbackpack.client.screens.BackpackScreen": {
        "buttonHints": {
            "MOVE_TO_CONTAINER": {
                "horizontalOffset": 24,
                "bottom": -2
            },
            "MOVE_TO_PLAYER": {
                "horizontalOffset": 1,
                "top": -10
            },
            "SORT": {
                "horizontalOffset": 1,
                "top": -10
            },
            "SORT_COLUMNS": {
                "horizontalOffset": 1,
                "top": -10
            },
            "SORT_ROWS": {
                "horizontalOffset": 1,
                "top": -10
            },
            "SHOW_EDITOR": {
                "horizontalOffset": 42,
                "top": 338
            },
            "SETTINGS": {
                "horizontalOffset": 30,
                "top": 323
            }
        }
    }
}