{
	"credit": "Made with Blockbench",
	"ambientocclusion": false,
	"textures": {
		"particle": "block/ladder",
		"ladder": "block/ladder"
	},
	"elements": [
		{
			"name": "Right side",
			"from": [2, 0, 14],
			"to": [4, 16, 16],
			"faces": {
				"north": {"uv": [12, 0, 14, 16], "texture": "#ladder"},
				"east": {"uv": [2, 0, 3, 16], "texture": "#ladder"},
				"south": {"uv": [2, 0, 4, 16], "texture": "#ladder"},
				"west": {"uv": [2, 0, 3, 16], "texture": "#ladder"},
				"up": {"uv": [2, 14, 4, 16], "texture": "#ladder", "cullface": "up"},
				"down": {"uv": [2, 0, 4, 2], "texture": "#ladder", "cullface": "down"}
			}
		},
		{
			"name": "Left side",
			"from": [12, 0, 14],
			"to": [14, 16, 16],
			"faces": {
				"north": {"uv": [2, 0, 4, 16], "texture": "#ladder"},
				"east": {"uv": [12, 0, 13, 16], "texture": "#ladder"},
				"south": {"uv": [12, 0, 14, 16], "texture": "#ladder"},
				"west": {"uv": [12, 0, 13, 16], "texture": "#ladder"},
				"up": {"uv": [12, 14, 14, 16], "texture": "#ladder", "cullface": "up"},
				"down": {"uv": [12, 0, 14, 2], "texture": "#ladder", "cullface": "down"}
			}
		},
		{
			"name": "Stake 4",
			"from": [1, 13, 14.5],
			"to": [15, 15, 15.5],
			"faces": {
				"north": {"uv": [1, 1, 15, 3], "texture": "#ladder"},
				"east": {"uv": [1, 1, 2, 3], "texture": "#ladder"},
				"south": {"uv": [1, 1, 15, 3], "texture": "#ladder"},
				"west": {"uv": [14, 1, 15, 3], "texture": "#ladder"},
				"up": {"uv": [1, 1, 15, 2], "texture": "#ladder"},
				"down": {"uv": [1, 2, 15, 3], "texture": "#ladder"}
			}
		},
		{
			"name": "Stake 3",
			"from": [1, 9, 14.5],
			"to": [15, 11, 15.5],
			"faces": {
				"north": {"uv": [1, 5, 15, 7], "texture": "#ladder"},
				"east": {"uv": [1, 5, 2, 7], "texture": "#ladder"},
				"south": {"uv": [1, 5, 15, 7], "texture": "#ladder"},
				"west": {"uv": [14, 5, 15, 7], "texture": "#ladder"},
				"up": {"uv": [1, 5, 15, 6], "texture": "#ladder"},
				"down": {"uv": [1, 6, 15, 7], "texture": "#ladder"}
			}
		},
		{
			"name": "Stake 2",
			"from": [1, 5, 14.5],
			"to": [15, 7, 15.5],
			"faces": {
				"north": {"uv": [1, 9, 15, 11], "texture": "#ladder"},
				"east": {"uv": [1, 9, 2, 11], "texture": "#ladder"},
				"south": {"uv": [1, 9, 15, 11], "texture": "#ladder"},
				"west": {"uv": [14, 9, 15, 11], "texture": "#ladder"},
				"up": {"uv": [1, 9, 15, 10], "texture": "#ladder"},
				"down": {"uv": [1, 10, 15, 11], "texture": "#ladder"}
			}
		},
		{
			"name": "Stake 1",
			"from": [1, 1, 14.5],
			"to": [15, 3, 15.5],
			"faces": {
				"north": {"uv": [1, 13, 15, 15], "texture": "#ladder"},
				"east": {"uv": [1, 13, 2, 15], "texture": "#ladder"},
				"south": {"uv": [1, 13, 15, 15], "texture": "#ladder"},
				"west": {"uv": [14, 13, 15, 15], "texture": "#ladder"},
				"up": {"uv": [1, 13, 15, 14], "texture": "#ladder"},
				"down": {"uv": [1, 14, 15, 15], "texture": "#ladder"}
			}
		}
	]
}