{
  "variants": {
    "thickness=base,vertical_direction=down": [
	{
      "model": "minecraft:block/pointed_dripstone_down_base"
    },
	{
      "model": "minecraft:block/pointed_dripstone_down_base",
	  "y": 90
    },
	{
      "model": "minecraft:block/pointed_dripstone_down_base",
	  "y": 180
    },
	{
      "model": "minecraft:block/pointed_dripstone_down_base",
	  "y": 270
    }
	],
    "thickness=base,vertical_direction=up": [
	{
      "model": "minecraft:block/pointed_dripstone_up_base"
    },
	{
      "model": "minecraft:block/pointed_dripstone_up_base",
	  "y": 90
    },
	{
      "model": "minecraft:block/pointed_dripstone_up_base",
	  "y": 180
    },
	{
      "model": "minecraft:block/pointed_dripstone_up_base",
	  "y": 270
    }
	],
    "thickness=frustum,vertical_direction=down": [
	{
      "model": "minecraft:block/pointed_dripstone_down_frustum"
    },
	{
      "model": "minecraft:block/pointed_dripstone_down_frustum",
	  "y": 90
    },
	{
      "model": "minecraft:block/pointed_dripstone_down_frustum",
	  "y": 180
    },
	{
      "model": "minecraft:block/pointed_dripstone_down_frustum",
	  "y": 270
    }
	],
    "thickness=frustum,vertical_direction=up": [
	{
      "model": "minecraft:block/pointed_dripstone_up_frustum"
    },
	{
      "model": "minecraft:block/pointed_dripstone_up_frustum",
	  "y": 90
    },
	{
      "model": "minecraft:block/pointed_dripstone_up_frustum",
	  "y": 180
    },
	{
      "model": "minecraft:block/pointed_dripstone_up_frustum",
	  "y": 270
    }
	],
    "thickness=middle,vertical_direction=down": [
	{
      "model": "minecraft:block/pointed_dripstone_down_middle"
    },
	{
      "model": "minecraft:block/pointed_dripstone_down_middle",
	  "y": 90
    },
	{
      "model": "minecraft:block/pointed_dripstone_down_middle",
	  "y": 180
    },
	{
      "model": "minecraft:block/pointed_dripstone_down_middle",
	  "y": 270
    }
	],
    "thickness=middle,vertical_direction=up": [
	{
      "model": "minecraft:block/pointed_dripstone_up_middle"
    },
	{
      "model": "minecraft:block/pointed_dripstone_up_middle",
	  "y": 90
    },
	{
      "model": "minecraft:block/pointed_dripstone_up_middle",
	  "y": 180
    },
	{
      "model": "minecraft:block/pointed_dripstone_up_middle",
	  "y": 270
    }
	],
    "thickness=tip,vertical_direction=down": [
	{
      "model": "minecraft:block/pointed_dripstone_down_tip"
    },
	{
      "model": "minecraft:block/pointed_dripstone_down_tip",
	  "y": 90
    },
	{
      "model": "minecraft:block/pointed_dripstone_down_tip",
	  "y": 180
    },
	{
      "model": "minecraft:block/pointed_dripstone_down_tip",
	  "y": 270
    },
	{
      "model": "minecraft:block/pointed_dripstone_down_tip_2"
    },	
	{
      "model": "minecraft:block/pointed_dripstone_down_tip_2",
	  "y": 90
    },
	{
      "model": "minecraft:block/pointed_dripstone_down_tip_2",
	  "y": 180
    },
	{
      "model": "minecraft:block/pointed_dripstone_down_tip_2",
	  "y": 270
    },
	{
      "model": "minecraft:block/pointed_dripstone_down_tip_3"
    },
	{
      "model": "minecraft:block/pointed_dripstone_down_tip_3",
	  "y": 90
    },
	{
      "model": "minecraft:block/pointed_dripstone_down_tip_3",
	  "y": 180
    },
	{
      "model": "minecraft:block/pointed_dripstone_down_tip_3",
	  "y": 270
    },
	{
      "model": "minecraft:block/pointed_dripstone_down_tip_4"
    },
	
	{
      "model": "minecraft:block/pointed_dripstone_down_tip_4",
	  "y": 90
    },
	{
      "model": "minecraft:block/pointed_dripstone_down_tip_4",
	  "y": 180
    },
	{
      "model": "minecraft:block/pointed_dripstone_down_tip_4",
	  "y": 270
    }
	],
    "thickness=tip,vertical_direction=up": [
	{
      "model": "minecraft:block/pointed_dripstone_up_tip"
    },
	{
      "model": "minecraft:block/pointed_dripstone_up_tip",
	  "y": 90
    },
	{
      "model": "minecraft:block/pointed_dripstone_up_tip",
	  "y": 180
    },
	{
      "model": "minecraft:block/pointed_dripstone_up_tip",
	  "y": 270
    }
	],
    "thickness=merge,vertical_direction=down": [
	{
      "model": "minecraft:block/pointed_dripstone_down_merge"
    },
	{
      "model": "minecraft:block/pointed_dripstone_down_merge",
	  "y": 90
    },
	{
      "model": "minecraft:block/pointed_dripstone_down_merge",
	  "y": 180
    },
	{
      "model": "minecraft:block/pointed_dripstone_down_merge",
	  "y": 270
    }
	],
    "thickness=merge,vertical_direction=up": [
	{
      "model": "minecraft:block/pointed_dripstone_up_merge"
    },
	{
      "model": "minecraft:block/pointed_dripstone_up_merge",
	  "y": 90
    },
	{
      "model": "minecraft:block/pointed_dripstone_up_merge",
	  "y": 180
    },
	{
      "model": "minecraft:block/pointed_dripstone_up_merge",
	  "y": 270
    }
	]
  }
}