{
	"credit": "Made with Blockbench",
	"parent": "minecraft:block/pointed_dripstone",
	"textures": {
		"2": "block/dripstone_block",
		"particle": "block/dripstone_block",
		"cross": "block/pointed_dripstone_down_base"
	},
	"elements": [
		{
			"from": [3, 8, 3],
			"to": [12, 16, 12],
			"faces": {
				"north": {"uv": [3, 0, 12, 8], "texture": "#cross"},
				"east": {"uv": [3, 0, 12, 8], "texture": "#cross"},
				"south": {"uv": [3, 0, 12, 8], "texture": "#cross"},
				"west": {"uv": [3, 0, 12, 8], "texture": "#cross"},
				"up": {"uv": [3, 3, 12, 12], "texture": "#2"},
				"down": {"uv": [3, 3, 12, 12], "texture": "#2"}
			}
		},
		{
			"from": [4, 0, 4],
			"to": [12, 8, 12],
			"faces": {
				"north": {"uv": [3, 8, 11, 16], "texture": "#cross"},
				"east": {"uv": [3, 8, 11, 16], "texture": "#cross"},
				"south": {"uv": [3, 8, 11, 16], "texture": "#cross"},
				"west": {"uv": [3, 8, 11, 16], "texture": "#cross"},
				"up": {"uv": [3, 3, 11, 11], "texture": "#2"},
				"down": {"uv": [3, 3, 11, 11], "texture": "#2"}
			}
		},
		{
			"from": [4.01, -7, 6],
			"to": [5.01, 0, 7],
			"faces": {
				"north": {"uv": [10, 0, 11, 7], "texture": "#cross"},
				"east": {"uv": [5, 0, 6, 7], "texture": "#cross"},
				"south": {"uv": [6, 0, 7, 7], "texture": "#cross"},
				"west": {"uv": [5, 0, 6, 7], "texture": "#cross"},
				"up": {"uv": [0, 0, 1, 1], "texture": "#cross"},
				"down": {"uv": [0, 0, 1, 1], "texture": "#cross"}
			}
		}
	]
}