{
	"credit": "Made with Blockbench",
	"parent": "minecraft:block/pointed_dripstone",
	"textures": {
		"cross": "block/pointed_dripstone_up_middle"
	},
	"elements": [
		{
			"from": [3, 8, 3],
			"to": [13, 16, 13],
			"faces": {
				"north": {"uv": [3, 0, 13, 8], "texture": "#cross"},
				"east": {"uv": [3, 0, 13, 8], "texture": "#cross"},
				"south": {"uv": [3, 0, 13, 8], "texture": "#cross"},
				"west": {"uv": [3, 0, 13, 8], "texture": "#cross"},
				"up": {"uv": [3, 0, 13, 10], "texture": "#cross"},
				"down": {"uv": [3, 0, 13, 10], "rotation": 180, "texture": "#cross"}
			}
		},
		{
			"from": [4, 0, 2],
			"to": [14, 8, 12],
			"faces": {
				"north": {"uv": [3, 8, 13, 16], "texture": "#cross"},
				"east": {"uv": [3, 8, 13, 16], "texture": "#cross"},
				"south": {"uv": [3, 8, 13, 16], "texture": "#cross"},
				"west": {"uv": [3, 8, 13, 16], "texture": "#cross"},
				"up": {"uv": [3, 6, 13, 16], "rotation": 180, "texture": "#cross"},
				"down": {"uv": [3, 6, 13, 16], "texture": "#cross"}
			}
		}
	]
}