{
	"credit": "Made with Blockbench",
	"parent": "minecraft:block/pointed_dripstone",
	"textures": {
		"2": "block/dripstone_block",
		"3": "block/pointed_dripstone_up_tip",
		"particle": "block/dripstone_block",
		"cross": "block/pointed_dripstone_up_frustum"
	},
	"elements": [
		{
			"from": [4, 4, 4],
			"to": [10, 8, 10],
			"rotation": {"angle": 0, "axis": "y", "origin": [8, 5.5, 8]},
			"faces": {
				"north": {"uv": [5, 15, 11, 11], "texture": "#3"},
				"east": {"uv": [5, 15, 11, 11], "texture": "#3"},
				"south": {"uv": [5, 15, 11, 11], "texture": "#3"},
				"west": {"uv": [5, 15, 11, 11], "texture": "#3"},
				"up": {"uv": [5, 11, 11, 5], "rotation": 180, "texture": "#2"},
				"down": {"uv": [5, 11, 11, 5], "rotation": 180, "texture": "#2"}
			}
		},
		{
			"from": [5, 8, 5],
			"to": [10, 11, 10],
			"rotation": {"angle": 0, "axis": "y", "origin": [8.25, 8.5, 7.75]},
			"faces": {
				"north": {"uv": [6, 14, 11, 11], "texture": "#3"},
				"east": {"uv": [6, 14, 11, 11], "texture": "#3"},
				"south": {"uv": [6, 14, 11, 11], "texture": "#3"},
				"west": {"uv": [6, 14, 11, 11], "texture": "#3"},
				"up": {"uv": [6, 10, 11, 5], "rotation": 180, "texture": "#2"},
				"down": {"uv": [6, 9, 10, 5], "rotation": 180, "texture": "#2"}
			}
		},
		{
			"from": [5, 11, 5],
			"to": [9, 13, 9],
			"rotation": {"angle": 0, "axis": "y", "origin": [8.25, 8.5, 7.75]},
			"faces": {
				"north": {"uv": [6, 10, 10, 8], "texture": "#3"},
				"east": {"uv": [6, 10, 10, 8], "texture": "#3"},
				"south": {"uv": [6, 10, 10, 8], "texture": "#3"},
				"west": {"uv": [6, 10, 10, 8], "texture": "#3"},
				"up": {"uv": [6, 9, 10, 5], "rotation": 180, "texture": "#2"},
				"down": {"uv": [6, 9, 10, 5], "rotation": 180, "texture": "#2"}
			}
		},
		{
			"from": [6, 13, 6],
			"to": [9, 15, 9],
			"rotation": {"angle": 0, "axis": "y", "origin": [8.25, 8.5, 7.75]},
			"faces": {
				"north": {"uv": [6, 8, 9, 6], "texture": "#3"},
				"east": {"uv": [6, 8, 9, 6], "texture": "#3"},
				"south": {"uv": [6, 8, 9, 6], "texture": "#3"},
				"west": {"uv": [6, 8, 9, 6], "texture": "#3"},
				"up": {"uv": [6, 8, 9, 5], "rotation": 180, "texture": "#2"},
				"down": {"uv": [6, 8, 9, 5], "rotation": 180, "texture": "#2"}
			}
		},
		{
			"from": [6, 15, 6],
			"to": [8, 17, 8],
			"rotation": {"angle": 0, "axis": "y", "origin": [8.25, 8.5, 7.75]},
			"faces": {
				"north": {"uv": [7, 8, 9, 6], "texture": "#3"},
				"east": {"uv": [7, 8, 9, 6], "texture": "#3"},
				"south": {"uv": [7, 8, 9, 6], "texture": "#3"},
				"west": {"uv": [7, 8, 9, 6], "texture": "#3"},
				"up": {"uv": [6, 7, 8, 5], "rotation": 180, "texture": "#2"},
				"down": {"uv": [6, 7, 8, 5], "rotation": 180, "texture": "#2"}
			}
		},
		{
			"from": [4, 0, 4],
			"to": [11, 4, 11],
			"rotation": {"angle": 0, "axis": "y", "origin": [8, 5.5, 8]},
			"faces": {
				"north": {"uv": [5, 4, 12, 0], "texture": "#cross"},
				"east": {"uv": [5, 4, 12, 0], "texture": "#cross"},
				"south": {"uv": [5, 4, 12, 0], "texture": "#cross"},
				"west": {"uv": [5, 4, 12, 0], "texture": "#cross"},
				"up": {"uv": [5, 12, 12, 5], "rotation": 180, "texture": "#2"},
				"down": {"uv": [5, 12, 12, 5], "rotation": 180, "texture": "#2"}
			}
		}
	]
}