{
	"credit": "Made with Blockbench",
	"parent": "minecraft:block/pointed_dripstone",
	"textures": {
		"particle": "block/dripstone_block",
		"cross": "block/pointed_dripstone_up_frustum"
	},
	"elements": [
		{
			"from": [3, 0, 3],
			"to": [12, 8, 12],
			"rotation": {"angle": 0, "axis": "y", "origin": [7.75, 4.5, 8.25]},
			"faces": {
				"north": {"uv": [4, 8, 13, 16], "texture": "#cross"},
				"east": {"uv": [4, 8, 13, 16], "texture": "#cross"},
				"south": {"uv": [3, 8, 12, 16], "texture": "#cross"},
				"west": {"uv": [3, 8, 12, 16], "texture": "#cross"},
				"up": {"uv": [4, 7, 13, 16], "rotation": 90, "texture": "#cross"},
				"down": {"uv": [4, 8, 13, 17], "rotation": 270, "texture": "#cross"}
			}
		},
		{
			"from": [4, 8, 4],
			"to": [12, 16, 12],
			"rotation": {"angle": 0, "axis": "y", "origin": [7.75, 4.5, 8.25]},
			"faces": {
				"north": {"uv": [4, 0, 12, 8], "texture": "#cross"},
				"east": {"uv": [4, 0, 12, 8], "texture": "#cross"},
				"south": {"uv": [4, 0, 12, 8], "texture": "#cross"},
				"west": {"uv": [4, 0, 12, 8], "texture": "#cross"},
				"up": {"uv": [4, 0, 12, 8], "rotation": 90, "texture": "#cross"},
				"down": {"uv": [4, 0, 12, 8], "rotation": 270, "texture": "#cross"}
			}
		}
	]
}