{
	"credit": "Made with Blockbench",
	"parent": "minecraft:block/pointed_dripstone",
	"textures": {
		"2": "block/dripstone_block",
		"particle": "block/dripstone_block",
		"cross": "block/pointed_dripstone_up_base"
	},
	"elements": [
		{
			"from": [2, 0, 2],
			"to": [14, 8, 14],
			"faces": {
				"north": {"uv": [2, 8, 14, 16], "texture": "#cross"},
				"east": {"uv": [2, 8, 14, 16], "texture": "#cross"},
				"south": {"uv": [2, 8, 14, 16], "texture": "#cross"},
				"west": {"uv": [2, 8, 14, 16], "texture": "#cross"},
				"up": {"uv": [2, 4, 14, 16], "texture": "#cross"},
				"down": {"uv": [2, 2, 14, 14], "texture": "#2"}
			}
		},
		{
			"from": [3, 8, 3],
			"to": [13, 16, 13],
			"faces": {
				"north": {"uv": [2, 8, 14, 16], "texture": "#cross"},
				"east": {"uv": [2, 8, 14, 16], "texture": "#cross"},
				"south": {"uv": [2, 8, 14, 16], "texture": "#cross"},
				"west": {"uv": [2, 8, 14, 16], "texture": "#cross"},
				"up": {"uv": [2, 4, 12, 14], "rotation": 270, "texture": "#cross"},
				"down": {"uv": [2, 2, 14, 14], "texture": "#2"}
			}
		}
	]
}