{
	"credit": "Made with Blockbench",
	"parent": "minecraft:block/pointed_dripstone",
	"textures": {
		"2": "block/dripstone_block",
		"particle": "block/dripstone_block",
		"cross": "block/pointed_dripstone_down_tip"
	},
	"elements": [
		{
			"from": [6, 11, 6],
			"to": [10, 16, 10],
			"faces": {
				"north": {"uv": [6, 0, 10, 5], "texture": "#cross"},
				"east": {"uv": [6, 0, 10, 5], "texture": "#cross"},
				"south": {"uv": [6, 0, 10, 5], "texture": "#cross"},
				"west": {"uv": [6, 0, 10, 5], "texture": "#cross"},
				"up": {"uv": [6, 5, 10, 9], "texture": "#2"},
				"down": {"uv": [6, 5, 10, 9], "texture": "#2"}
			}
		},
		{
			"from": [6, 10, 7],
			"to": [9, 11, 10],
			"faces": {
				"north": {"uv": [6, 5, 9, 6], "texture": "#cross"},
				"east": {"uv": [6, 5, 9, 6], "texture": "#cross"},
				"south": {"uv": [6, 5, 9, 6], "texture": "#cross"},
				"west": {"uv": [6, 5, 9, 6], "texture": "#cross"},
				"up": {"uv": [6, 5, 9, 8], "texture": "#2"},
				"down": {"uv": [6, 5, 9, 8], "texture": "#2"}
			}
		},
		{
			"from": [7, 4, 7],
			"to": [9, 10, 9],
			"faces": {
				"north": {"uv": [7, 5, 9, 11], "texture": "#cross"},
				"east": {"uv": [7, 5, 9, 11], "texture": "#cross"},
				"south": {"uv": [7, 5, 9, 11], "texture": "#cross"},
				"west": {"uv": [7, 5, 9, 11], "texture": "#cross"},
				"up": {"uv": [6, 5, 8, 7], "texture": "#2"},
				"down": {"uv": [6, 5, 8, 7], "texture": "#2"}
			}
		},
		{
			"from": [8, -1, 8],
			"to": [9, 4, 9],
			"faces": {
				"north": {"uv": [9, 3, 10, 8], "texture": "#cross"},
				"east": {"uv": [6, 5, 7, 10], "texture": "#cross"},
				"south": {"uv": [6, 5, 7, 10], "texture": "#cross"},
				"west": {"uv": [6, 5, 7, 10], "texture": "#cross"},
				"up": {"uv": [6, 5, 10, 9], "texture": "#2"},
				"down": {"uv": [8, 4, 9, 5], "texture": "#cross"}
			}
		}
	]
}