{
	"credit": "Made with Blockbench",
	"parent": "minecraft:block/pointed_dripstone",
	"textures": {
		"2": "block/dripstone_block",
		"particle": "block/dripstone_block",
		"cross": "block/pointed_dripstone_down_middle"
	},
	"elements": [
		{
			"from": [4, 0, 4],
			"to": [11, 16, 11],
			"faces": {
				"north": {"uv": [4, 0, 11, 16], "texture": "#cross"},
				"east": {"uv": [4, 0, 11, 16], "texture": "#cross"},
				"south": {"uv": [4, 0, 11, 16], "texture": "#cross"},
				"west": {"uv": [4, 0, 11, 16], "texture": "#cross"},
				"up": {"uv": [4, 4, 11, 11], "texture": "#2"},
				"down": {"uv": [4, 4, 11, 11], "texture": "#2"}
			}
		}
	]
}