{
	"credit": "Made with Blockbench",
	"parent": "minecraft:block/pointed_dripstone",
	"textures": {
		"2": "block/dripstone_block",
		"particle": "block/dripstone_block",
		"cross": "block/pointed_dripstone_down_frustum"
	},
	"elements": [
		{
			"from": [5, 0, 5],
			"to": [10, 8, 10],
			"faces": {
				"north": {"uv": [5, 8, 11, 16], "texture": "#cross"},
				"east": {"uv": [5, 8, 11, 16], "texture": "#cross"},
				"south": {"uv": [5, 8, 11, 16], "texture": "#cross"},
				"west": {"uv": [5, 8, 11, 16], "texture": "#cross"},
				"up": {"uv": [4, 4, 9, 9], "texture": "#2"},
				"down": {"uv": [4, 4, 9, 9], "texture": "#2"}
			}
		},
		{
			"from": [5, 8, 5],
			"to": [11, 16, 11],
			"faces": {
				"north": {"uv": [4, 0, 10, 8], "texture": "#cross"},
				"east": {"uv": [4, 0, 10, 8], "texture": "#cross"},
				"south": {"uv": [4, 0, 10, 8], "texture": "#cross"},
				"west": {"uv": [4, 0, 10, 8], "texture": "#cross"},
				"up": {"uv": [4, 4, 10, 10], "texture": "#2"},
				"down": {"uv": [4, 4, 10, 10], "texture": "#2"}
			}
		},
		{
			"from": [5, 5, 4],
			"to": [6, 16, 5],
			"faces": {
				"north": {"uv": [12, 0, 13, 11], "texture": "#cross"},
				"east": {"uv": [9, 0, 10, 11], "texture": "#cross"},
				"south": {"uv": [9, 0, 10, 11], "texture": "#cross"},
				"west": {"uv": [3, 0, 4, 11], "texture": "#cross"},
				"up": {"uv": [4, 4, 5, 5], "texture": "#2"},
				"down": {"uv": [4, 4, 5, 5], "texture": "#2"}
			}
		},
		{
			"from": [9, 0, 10],
			"to": [10, 8, 11],
			"faces": {
				"north": {"uv": [10, 8, 11, 16], "texture": "#cross"},
				"east": {"uv": [4, 8, 5, 16], "texture": "#cross"},
				"south": {"uv": [10, 8, 11, 16], "texture": "#cross"},
				"west": {"uv": [11, 8, 12, 16], "texture": "#cross"},
				"up": {"uv": [4, 4, 5, 5], "texture": "#2"},
				"down": {"uv": [4, 4, 5, 5], "texture": "#2"}
			}
		}
	]
}