{"gui.window_name":"$LANG.gui.title_crashed_with_report$","gui.title_crashed_with_report_oops":"$LANG.gui.title_crashed_with_report$","gui.title_crashed_without_report_oops":"$LANG.gui.title_crashed_with_report$","gui.title_crashed_with_report":"Fabulously Optimized crashed!","gui.title_crashed_without_report":"$LANG.gui.title_crashed_with_report$","gui.comment_under_title_pls_report":"If you've added extra mods, they may be outdated or incompatible, which caused this crash.\n\nNeed help?","gui.comment_under_title":"1) Join <a href=\"https://download.fo/discord\">Fabulously Optimized Discord</a>.\n2) Create a new post in <b>#support</b>, describe <u>what you were doing</u> before the crash.\n3) <b>Upload and copy</b> the first log from the list below.\n4) Paste the link in your support thread.\n5) Wait for help. We'll tell you if we need more logs or other information.","gui.copy_link_button":"∞ Copy","gui.file_list_label":"Logs","gui.menu.file.open_config_folder":"config folder","gui.menu.file.open_config":"Crash Assistant config","gui.menu.file.open_modpack_folder":".minecraft folder","gui.menu.file.open_mods_folder":"mods folder","gui.menu.file":"Open","gui.menu.privacy":"About","gui.menu.privacy.reset_consent":"Prompt before uploading logs","gui.privacy.consent_not_given":"Crash Assistant already asks you before uploading logs.","gui.privacy.consent_reset_success":"Crash Assistant will now ask you before uploading logs.","gui.privacy.declined":"You chose not to upload your log. You can still share the file manually, or click the button again.","gui.privacy.logs_upload_accept":"OK","gui.privacy.logs_upload_decline":"Cancel","gui.privacy.logs_upload_question":"Your log will be uploaded to <b>mclo.gs</b>, which removes some identifying information and stores the log for 90 days.\nDo you accept the $LINK.PRIVACY_POLICY$?","gui.privacy.remember_my_choice":"Don't ask again","gui.request_help_button":"Fabulously Optimized Discord","gui.open_button":"📄","gui.show_in_explorer_button":"📂","gui.upload_and_copy_link_button":"📤 Upload and copy","gui.error":"⌛","gui.uploading":"⌛","gui.copied":"✔️"}