{"gui.title_crashed_with_report":"¡Fabulously Optimized se cerró inesperadamente!","gui.comment_under_title_pls_report":"Los fallos suelen ocurrir por mods desactualizados o incompatibles que hayas añadido al paquete.\n\n¿Necesitas ayuda?","gui.comment_under_title":"1) Únete al <a href=\"https://download.fo/discord\">Discord de Fabulously Optimized</a>.\n\n2) Crea una nueva publicación en <b>#support</b> y describe lo que estabas haciendo antes del fallo.\n\n3) <b>Sube y copia</b> el primer registro de la lista a continuación.\n\n4) Pega el enlace a tu hilo de soporte.\n\n5) Espera ayuda. Te indicaremos si necesitamos más registros u otra información.","gui.copy_link_button":"∞ Copiar","gui.file_list_label":"Registros","gui.menu.file.open_config_folder":"carpeta config","gui.menu.file.open_config":"Configuración de Crash Assistant","gui.menu.file.open_modpack_folder":"carpeta .minecraft","gui.menu.file.open_mods_folder":"carpeta mods","gui.menu.file":"Abrir","gui.menu.privacy":"Acerca de","gui.menu.privacy.reset_consent":"Preguntar antes de subir registros","gui.privacy.consent_not_given":"Crash Assistant ya te pregunta antes de subir registros.","gui.privacy.consent_reset_success":"Crash Assistant ahora te preguntará antes de subir registros.","gui.privacy.declined":"Has elegido no subir tu registro. Aún puedes compartir el archivo manualmente, o hacer clic de nuevo en el botón.","gui.privacy.logs_upload_accept":"Aceptar","gui.privacy.logs_upload_decline":"Cancelar","gui.privacy.logs_upload_question":"Tu registro se subirá a <b>mclo.gs</b>, el cual elimina información de identificación y almacena el registro por 90 días.\n¿Aceptas la $LINK.PRIVACY_POLICY$?","gui.privacy.remember_my_choice":"No preguntar de nuevo","gui.request_help_button":"Discord de Fabulously Optimized","gui.upload_and_copy_link_button":"📤 Subir y copiar"}