{"gui.title_crashed_with_report":"Fabulously Optimized krahhis!","gui.comment_under_title_pls_report":"Kui oled lisanud täiendavaid mode, võivad need olla aegunud või ühildumatud, mis põhjustas selle krahhi.\n\nVajad abi?","gui.comment_under_title":"1) Liitu <a href=\"https://download.fo/discord\">Fabulously Optimized'i Discordiga</a>.\n2) Loo uus postitus kanalis <b>#support</b> ja <u>kirjelda, mida tegid</u> enne krahhi.\n3) <b>Laadi üles ja kopeeri</b> esimene logi allolevast nimekirjast.\n4) Kleebi saadud link oma tugilõime.\n5) Oota abi. Anname teada, kui vajame rohkem logisid või muud infot.","gui.copy_link_button":"∞ Kopeeri","gui.file_list_label":"Logid","gui.menu.file.open_config_folder":"config kaust","gui.menu.file.open_config":"Crash Assistant seadistus","gui.menu.file.open_modpack_folder":".minecraft kaust","gui.menu.file.open_mods_folder":"mods kaust","gui.menu.file":"Ava","gui.menu.privacy":"Teave","gui.menu.privacy.reset_consent":"Küsi enne logide üleslaadimist","gui.privacy.consent_not_given":"Crash Assistant juba küsib üle enne logide üleslaadimist.","gui.privacy.consent_reset_success":"Crash Assistant küsib nüüd üle enne logide üleslaadimist.","gui.privacy.declined":"Otsustasid logi mitte üles laadida. Võid siiski faili käsitsi jagada, või nuppu uuesti vajutada.","gui.privacy.logs_upload_accept":"OK","gui.privacy.logs_upload_decline":"Tühista","gui.privacy.logs_upload_question":"Sinu logi laaditakse üles teenusesse <b>mclo.gs</b>, mis eemaldab teatud isikustavad andmed ning hoiab logi 90 päeva.\nKas nõustud $LINK.PRIVACY_POLICY$?","gui.privacy.remember_my_choice":"Ära uuesti küsi","gui.request_help_button":"Fabulously Optimized'i Discord","gui.upload_and_copy_link_button":"📤 Laadi üles ja kopeeri"}