{"gui.title_crashed_with_report":"Fabulously Optimized vient de planter !","gui.comment_under_title_pls_report":"Si vous avez ajouté des mods, il se peut qu'ils soient obsolètes ou incompatibles, ce qui a provoqué ce plantage.\n\nBesoin d'aide ?","gui.comment_under_title":"1) Rejoignez le <a href=\"https://download.fo/discord\">serveur Discord de Fabulously Optimized</a>.\n2) Créez un nouveau post dans <b>#support</b>,et décrivez <u>ce que vous faisiez</u> avant que le jeu plante.\n3) <b>Téléversez et copiez</b> le premier log de la liste ci-dessous.\n4) Copiez le lien vers votre le fil d'aide.\n5) Attendez de recevoir de l'aide. Nous vous préviendrons si nous avons besoin de plus d'informations.","gui.copy_link_button":"∞ Copier","gui.file_list_label":"Journaux","gui.menu.file.open_config_folder":"dossier de configuration","gui.menu.file.open_config":"Configuration de Crash Assistant","gui.menu.file.open_modpack_folder":"Dossier .minecraft","gui.menu.file.open_mods_folder":"dossier des mods","gui.menu.file":"Ouvrir","gui.menu.privacy":"À propos","gui.menu.privacy.reset_consent":"Demander avant de téléverser les journaux","gui.privacy.consent_not_given":"Crash Assistant vous demande déjà avant de téléverser les journaux.","gui.privacy.consent_reset_success":"Crash Assistant vous demandera désormais avant de téléverser les journaux.","gui.privacy.declined":"Vous avez choisi de ne pas téléverser le journal. Vous pouvez toujours partager le fichier manuellement ou cliquer à nouveau sur le bouton.","gui.privacy.logs_upload_accept":"Ok","gui.privacy.logs_upload_decline":"Annuler","gui.privacy.logs_upload_question":"Votre journal sera téléversé sur <b>mclo.gs</b>, qui supprime certaines informations d'identification et stocke le journal pendant 90 jours.\nAcceptez-vous la $LINK.PRIVACY_POLICY$ du site?","gui.privacy.remember_my_choice":"Ne plus me demander","gui.request_help_button":"Serveur Discord de Fabulously Optimized","gui.upload_and_copy_link_button":"📤 Téléverser et copier"}