{"gui.title_crashed_with_report":"Fabulously Optimized קרס!","gui.comment_under_title_pls_report":"אם הוספת מודים נוספים, הם עשויים להיות מיושנים או לא תואמים, מה שגרם לקריסה זו.\n\nצריך עזרה?","gui.comment_under_title":"1) מצטרפים ל<a href=\"https://download.fo/discord\">דיסקורד של Fabulously Optimized</a>.\n2) יוצרים פוסט חדש ב<b>#support</b>, מסבירים <u>מה התרחש</u> לפני הקריסה.\n3) <b>מעלים ומעתיקים</b> את היומן הראשון מהרשימה למטה.\n4) מדביקים את הקישור בפוסט תמיכה.\n5) מחכים לעזרה. נבקש יומנים נוספים או מידע נוסף אם צריך.","gui.copy_link_button":"∞ העתקה","gui.file_list_label":"יומנים","gui.menu.file.open_config_folder":"תיקיית config","gui.menu.file.open_config":"הגדרות Crash Assistant","gui.menu.file.open_modpack_folder":"תיקיית .minecraft","gui.menu.file.open_mods_folder":"תיקיית mods","gui.menu.file":"פתיחה","gui.menu.privacy":"אודות","gui.menu.privacy.reset_consent":"הודעה לפני העלאת יומנים","gui.privacy.consent_not_given":"Crash Assistant כבר שואל אותך לפני העלאת יומנים.","gui.privacy.consent_reset_success":"Crash Assistant יבקש את אישורך לפני העלאת יומנים.","gui.privacy.declined":"בחרת לא להעלות את היומן שלך. עדיין ניתן לשתף את הקובץ באופן ידני, או ללחוץ על הכפתור שוב.","gui.privacy.logs_upload_accept":"אישור","gui.privacy.logs_upload_decline":"ביטול","gui.privacy.logs_upload_question":"היומן שלך יועלה ל<b>mclo.gs</b>, מה שמוחק מידע מזהה ושומר את היומן למשך 90 ימים. יש לאשר את ה$LINK.PRIVACY_POLICY$.","gui.privacy.remember_my_choice":"אל תשאל שוב","gui.request_help_button":"דיסקורד של Fabulously Optimized","gui.upload_and_copy_link_button":"📤 העלה והעתק"}