{"gui.title_crashed_with_report":"Fabulously Optimized è crashato!","gui.comment_under_title_pls_report":"Se hai aggiunto altre mod, è possibile che siano obsolete o incompatibili, causando l'arresto anomalo.\n\nServe aiuto?","gui.comment_under_title":"1) Entra nel <a href=\"https://download.fo/discord\">Discord di Fabulously Optimized</a>.\n2) Crea un nuovo post in <b>#support</b>, descrivendo <u>cosa stavi facendo</u> prima del crash.\n3) <b>Carica e copia il link</b> al primo log della lista in basso.\n4) Incolla il link nel tuo thread di supporto.\n5) Attendi l'assistenza. Ti diremo se ci servono altri log o ulteriori informazioni.","gui.copy_link_button":"∞ Copia","gui.file_list_label":"Log","gui.menu.file.open_config_folder":"cartella config","gui.menu.file.open_config":"Configurazione di Assistente Crash","gui.menu.file.open_modpack_folder":"cartella .minecraft","gui.menu.file.open_mods_folder":"cartella mod","gui.menu.file":"Apri","gui.menu.privacy":"Maggiori Informazioni","gui.menu.privacy.reset_consent":"Chiedi prima di caricare i log","gui.privacy.consent_not_given":"Crash Assistent ti chiede già conferma prima di caricare i log.","gui.privacy.consent_reset_success":"Crash Assistent ora ti chiederà se caricare i log.","gui.privacy.declined":"Hai scelto di non caricare il tuo log. Puoi comunque condividere il file manualmente, o cliccare il pulsante nuovamente.","gui.privacy.logs_upload_accept":"OK","gui.privacy.logs_upload_decline":"Annulla","gui.privacy.logs_upload_question":"Il tuo log sarà caricato su <b>mclo.gs</b>, che rimuoverà certe informazioni identificative e memorizzerà il log per 90 giorni.\nAccetti la loro $LINK.PRIVACY_POLICY$?","gui.privacy.remember_my_choice":"Non chiedermelo più","gui.request_help_button":"Discord di Fabulously Optimized","gui.upload_and_copy_link_button":"📤 Carica e copia"}