{"gui.title_crashed_with_report":"Fabulously Optimized telah ranap!","gui.comment_under_title_pls_report":"Jika anda telah menambah mod tambahan, ia mungkin lapuk atau tidak serasi, yang menyebabkan ranap permainan ini.\n\nPerlukan bantuan?","gui.comment_under_title":"1) Sertai <a href=\"https://download.fo/discord\">pelayan Discord Fabulously Optimized</a>.\n2) Buat siaran baharu di <b>#support</b>, terangkan <u>apa yang anda lakukan</u> sebelum permainan ranap.\n3) <b>Muat naik dan salin</b> log yang pertama daripada senarai di bawah.\n4) Tampalkan pautan di dalam bebenang sokongan anda.\n5) Tunggu bantuan tiba. Kami akan memberitahu anda jika kami memerlukan lebih banyak log atau maklumat lain.","gui.copy_link_button":"∞ Salin","gui.file_list_label":"Log","gui.menu.file.open_config_folder":"Folder config","gui.menu.file.open_config":"Konfigurasi Crash Assistant","gui.menu.file.open_modpack_folder":"Folder .minecraft","gui.menu.file.open_mods_folder":"Folder mods","gui.menu.file":"Buka","gui.menu.privacy":"Tentang","gui.menu.privacy.reset_consent":"Prom sebelum memuat naik log","gui.privacy.consent_not_given":"Crash Assistant sudah bertanya kepada anda sebelum memuat naik log.","gui.privacy.consent_reset_success":"Crash Assistant kini akan bertanya kepada anda sebelum memuat naik log.","gui.privacy.declined":"Anda memilih untuk tidak memuat naik log anda. Anda masih boleh berkongsi fail tersebut secara manual, atau klik butang tersebut sekali lagi.","gui.privacy.logs_upload_accept":"OK","gui.privacy.logs_upload_decline":"Batal","gui.privacy.logs_upload_question":"Log anda akan dimuat naik ke <b>mclo.gs</b> yang akan menyimpan log tersebut selama 90 hari dan mengalih keluar beberapa maklumat pengecam.\nAdakah anda menerima $LINK.PRIVACY_POLICY$?","gui.privacy.remember_my_choice":"Jangan tanya lagi","gui.request_help_button":"Pelayan Discord Fabulously Optimized","gui.upload_and_copy_link_button":"📤 Muat naik dan salin"}