{"gui.title_crashed_with_report":"FO a întâmpinat o eroare!","gui.comment_under_title_pls_report":"Erorile apar de obicei din moduri învechite sau incompatibile pe care le-ați adăugat în modpack.\n\nAi nevoie de ajutor?","gui.comment_under_title":"1) Alăturați-vă <a href=\"https://download.fo/discord\">Fabulously Optimized Discord</a>.\n2) Creați un mesaj nou în <b>#support</b>, descrieți ce făceați înainte ca jocul să se blocheze.\n3) Încărcați și copiați jurnalul al cărui nume începe cu <b>crash</b>. Dacă nu îl vedeți, încărcați în schimb <b>latest.log</b>.\n4) Lipiți link-ul către firul dvs. de suport.\n5) Așteptați ajutorul. Vă vom spune dacă avem nevoie de mai multe jurnale sau alte informații.","gui.copy_link_button":"∞ Copiere","gui.file_list_label":"Jurnale","gui.menu.file.open_config_folder":"folder de configurare","gui.menu.file.open_config":"Configurație Crash Assistant","gui.menu.file.open_modpack_folder":"Dosar .minecraft","gui.menu.file.open_mods_folder":"dosar mods","gui.menu.file":"Deschide","gui.menu.privacy":"Despre","gui.menu.privacy.reset_consent":"Solicită înainte de încărcarea jurnalelor","gui.privacy.consent_not_given":"Asistentul de defecțiuni vă întreabă deja înainte de încărcarea jurnalelor.","gui.privacy.consent_reset_success":"Asistentul de defecțiuni vă va întreba acum înainte de încărcarea jurnalelor.","gui.privacy.declined":"Ai ales să nu încarci jurnalul. Poți totuși să distribui fișierul manual sau să dai click din nou pe buton.","gui.privacy.logs_upload_accept":"OK","gui.privacy.logs_upload_decline":"Renunță","gui.privacy.logs_upload_question":"Jurnalul dvs. va fi încărcat la <b>mclo.gs</b>, care elimină unele informații de identificare și stochează jurnalul timp de 90 de zile.\nAcceptați $LINK.PRIVACY_POLICY$?","gui.privacy.remember_my_choice":"Nu întrebați din nou","gui.request_help_button":"FO Discord","gui.upload_and_copy_link_button":"📤 Încărcați și copiați"}