{
    "gui.title_crashed_with_report": "В Fabulously Optimized произошёл сбой!",
    "gui.comment_under_title_pls_report": "Этот сбой могли вызвать установленные вами моды, так-как они могут оказаться устаревшими или несовместимыми.\n\nНужна помощь?",
    "gui.comment_under_title": "1) Зайдите в <a href=\"https://download.fo/discord\">Дискорд Fabulously Optimized</a>.\n2) Создайте новый пост в канале <b>#support</b> и <u>опишите что вы делали</u> перед сбоем.\n3) <b>Загрузите и скопируйте</b> первый лог в списке ниже.\n4) Вставьте ссылку на лог в ветку с вашей проблемой.\n5) Дождитесь нашего ответа. Мы скажем вам если нам нужно больше информации или другие логи.",
    "gui.copy_link_button": "∞ Скопировать",
    "gui.file_list_label": "Логи",
    "gui.menu.file.open_config_folder": "папка config",
    "gui.menu.file.open_config": "Настройки Crash Assistant",
    "gui.menu.file.open_modpack_folder": "папка .minecraft",
    "gui.menu.file.open_mods_folder": "папка mods",
    "gui.menu.file": "Открыть",
    "gui.menu.privacy": "О нас",
    "gui.menu.privacy.reset_consent": "Просить подтверждения перед загрузкой логов",
    "gui.privacy.consent_not_given": "Crash Assistant уже просит подтверждения перед загрузкой логов.",
    "gui.privacy.consent_reset_success": "Теперь Crash Assistant будет просить подтверждение перед загрузкой логов.",
    "gui.privacy.declined": "Вы решили не загружать ваш лог. Вы всё ещё можете отправить файл сами, или нажать на кнопку ещё раз.",
    "gui.privacy.logs_upload_accept": "ОК",
    "gui.privacy.logs_upload_decline": "Отмена",
    "gui.privacy.logs_upload_question": "Ваш лог будет загружен на сервис <b>mclo.gs</b>, который очищает его от приватной информации и хранит на протяжении 90 дней.\nВы принимаете $LINK.PRIVACY_POLICY$?",
    "gui.privacy.remember_my_choice": "Больше не спрашивать",
    "gui.request_help_button": "Дискорд Fabulously Optimized",
    "gui.upload_and_copy_link_button": "📤 Загрузить и скопировать"
}
