{"gui.title_crashed_with_report":"Fabulously Optimized 崩溃了！","gui.comment_under_title_pls_report":"出现崩溃的原因通常是因为你添加到模组包中的模组版本过旧或不兼容。\n\n需要帮助吗？","gui.comment_under_title":"1) 加入<a href=\"https://download.fo/discord\">Fabulously Optimized Discord群组</a>。\n2) 在<b>#support</b>中新建一个帖子，描述游戏崩溃前你在干什么。\n3) <b>上传并复制</b>下面列表中的第一个日志。\n4) 将链接粘贴到你的支持主题。\n5) 等待帮助。如果我们需要更多日志或其他信息，我们会告诉你。","gui.copy_link_button":"∞ 复制","gui.file_list_label":"日志","gui.menu.file.open_config_folder":"config文件夹","gui.menu.file.open_config":"崩溃助手配置","gui.menu.file.open_modpack_folder":".minecraft文件夹","gui.menu.file.open_mods_folder":"mods文件夹","gui.menu.file":"打开","gui.menu.privacy":"关于","gui.menu.privacy.reset_consent":"上传日志前提示","gui.privacy.consent_not_given":"崩溃助手在上传日志之前已询问过你。","gui.privacy.consent_reset_success":"崩溃助手现在会在上传日志前询问你。","gui.privacy.declined":"你选择不上传日志。你仍然可以手动分享此文件或再次点击此按钮。","gui.privacy.logs_upload_accept":"确定","gui.privacy.logs_upload_decline":"取消","gui.privacy.logs_upload_question":"你的日志将会被上传到<b>mclo.gs</b>，它会删除一些身份信息，并将日志保存90天。\n你同意$LINK.PRIVACY_POLICY$吗？","gui.privacy.remember_my_choice":"不再询问","gui.request_help_button":"Fabulously Optimized Discord群组","gui.upload_and_copy_link_button":"📤上传并复制"}