{"gui.title_crashed_with_report":"Fabulously Optimized 崩潰了！","gui.comment_under_title_pls_report":"崩潰通常是由你新增到模組包中，過舊或不相容的模組所引起。\n\n需要協助嗎？","gui.comment_under_title":"1) 加入 Fabulously Optimized Discord 伺服器：<a href=\"https://download.fo/discord\">Fabulously Optimized Discord</a>。\n2) 在 <b>#support</b> 頻道中建立新的貼文，描述崩潰前你正在做的事情。\n3) <b>上傳並複製</b>下方清單中的第一個記錄檔。\n4) 將連結貼到你的支援討論串。\n5) 請耐心等候協助。如果我們需要更多記錄檔或其他資訊，我們會再另行通知你。","gui.copy_link_button":"∞ 複製","gui.file_list_label":"記錄檔","gui.menu.file.open_config_folder":"config 資料夾","gui.menu.file.open_config":"Crash Assistant 設定","gui.menu.file.open_modpack_folder":".minecraft 資料夾","gui.menu.file.open_mods_folder":"mods 資料夾","gui.menu.file":"開啟","gui.menu.privacy":"關於","gui.menu.privacy.reset_consent":"上傳記錄檔前的提示","gui.privacy.consent_not_given":"Crash Assistant 已經會在上傳記錄檔前詢問你。","gui.privacy.consent_reset_success":"Crash Assistant 現在會在上傳記錄檔前詢問你。","gui.privacy.declined":"你選擇不上傳你的記錄檔。你仍可手動分享檔案，或者再次按下按鈕。","gui.privacy.logs_upload_accept":"確定","gui.privacy.logs_upload_decline":"取消","gui.privacy.logs_upload_question":"你的記錄檔將被上傳至 <b>mclo.gs</b>，該服務會移除部分個人識別資訊並儲存記錄檔 90 天。\n你是否接受 $LINK.PRIVACY_POLICY$？","gui.privacy.remember_my_choice":"不再詢問","gui.request_help_button":"Fabulously Optimized Discord","gui.upload_and_copy_link_button":"📤 上傳並複製"}