{
    "model": {
      "type": "minecraft:composite",
      "models": [
        {
          "type": "minecraft:model",
          "model": "item/bucket_mob_big",
          "tints": [
            {
              "type": "minecraft:constant",
              "value": 5145063
            }
          ]
        },
        {
          "type": "minecraft:select",
          "property": "minecraft:component",
          "component": "minecraft:axolotl/variant",
          "cases": [
            {
              "when": "wild",
              "model": {
                "type": "minecraft:model",
                "model": "item/axo1"
              }
            },
            {
              "when": "gold",
              "model": {
                "type": "minecraft:model",
                "model": "item/axo2"
              }
            },
            {
              "when": "cyan",
              "model": {
                "type": "minecraft:model",
                "model": "item/axo3"
              }
            },
            {
              "when": "blue",
              "model": {
                "type": "minecraft:model",
                "model": "item/axo4"
              }
            }
          ],
          "fallback": {
            "type": "minecraft:model",
            "model": "item/axolotl_bucket"
          }
        }
      ]
    }
  }