{
    "model": {
      "type": "minecraft:composite",
      "models": [
        {
          "type": "minecraft:select",
          "property": "minecraft:component",
          "component": "minecraft:salmon/size",
          "cases": [
            {
              "when": "medium",
              "model": {
                "type": "minecraft:model",
                "model": "item/salmon_medium"
              }
            },
            {
              "when": "small",
              "model": {
                "type": "minecraft:model",
                "model": "item/salmon_small"
              }
            }
          ],
          "fallback": {
            "type": "minecraft:model",
            "model": "item/salmon_big"
          }
        },
        {
          "type": "minecraft:model",
          "model": "item/bucket_mob_big",
          "tints": [
            {
              "type": "minecraft:constant",
              "value": 5145063
            }
          ]
        }
      ]
    }
  }