{"model":{"type":"composite","models":[{"type":"minecraft:select","property":"minecraft:component","component":"minecraft:tropical_fish/pattern","cases":[{"when":["flopper","stripey","glitter","blockfish","betty","clayfish"],"model":{"type":"minecraft:model","model":"item/bucket_mob_heavy","tints":[{"type":"minecraft:constant","value":5145063}]}}],"fallback":{"type":"minecraft:model","model":"item/bucket_mob_big","tints":[{"type":"minecraft:constant","value":5145063}]}},{"type":"select","property":"component","component":"tropical_fish/pattern","cases":[{"when":["flopper","stripey","glitter","blockfish","betty","clayfish"],"model":{"type":"select","property":"component","component":"tropical_fish/base_color","cases":[{"when":"orange","model":{"type":"model","model":"item/bucket_b","tints":[{"type":"constant","value":16154141}]}},{"when":"magenta","model":{"type":"model","model":"item/bucket_b","tints":[{"type":"constant","value":12930491}]}},{"when":"light_blue","model":{"type":"model","model":"item/bucket_b","tints":[{"type":"constant","value":3781079}]}},{"when":"yellow","model":{"type":"model","model":"item/bucket_b","tints":[{"type":"constant","value":16504124}]}},{"when":"lime","model":{"type":"model","model":"item/bucket_b","tints":[{"type":"constant","value":8307999}]}},{"when":"pink","model":{"type":"model","model":"item/bucket_b","tints":[{"type":"constant","value":15763880}]}},{"when":"gray","model":{"type":"model","model":"item/bucket_b","tints":[{"type":"constant","value":4607569}]}},{"when":"light_gray","model":{"type":"model","model":"item/bucket_b","tints":[{"type":"constant","value":10197909}]}},{"when":"cyan","model":{"type":"model","model":"item/bucket_b","tints":[{"type":"constant","value":1481370}]}},{"when":"purple","model":{"type":"model","model":"item/bucket_b","tints":[{"type":"constant","value":8860086}]}},{"when":"blue","model":{"type":"model","model":"item/bucket_b","tints":[{"type":"constant","value":3883944}]}},{"when":"brown","model":{"type":"model","model":"item/bucket_b","tints":[{"type":"constant","value":8475441}]}},{"when":"green","model":{"type":"model","model":"item/bucket_b","tints":[{"type":"constant","value":6126358}]}},{"when":"red","model":{"type":"model","model":"item/bucket_b","tints":[{"type":"constant","value":11414822}]}},{"when":"black","model":{"type":"model","model":"item/bucket_b","tints":[{"type":"constant","value":1908001}]}}],"fallback":{"type":"model","model":"item/bucket_b","tints":[{"type":"constant","value":16186619}]}}}],"fallback":{"type":"select","property":"component","component":"tropical_fish/base_color","cases":[{"when":"white","model":{"type":"model","model":"item/bucket_a","tints":[{"type":"constant","value":16186619}]}},{"when":"magenta","model":{"type":"model","model":"item/bucket_a","tints":[{"type":"constant","value":12930491}]}},{"when":"light_blue","model":{"type":"model","model":"item/bucket_a","tints":[{"type":"constant","value":3781079}]}},{"when":"yellow","model":{"type":"model","model":"item/bucket_a","tints":[{"type":"constant","value":16504124}]}},{"when":"lime","model":{"type":"model","model":"item/bucket_a","tints":[{"type":"constant","value":8307999}]}},{"when":"pink","model":{"type":"model","model":"item/bucket_a","tints":[{"type":"constant","value":15763880}]}},{"when":"gray","model":{"type":"model","model":"item/bucket_a","tints":[{"type":"constant","value":4607569}]}},{"when":"light_gray","model":{"type":"model","model":"item/bucket_a","tints":[{"type":"constant","value":10197909}]}},{"when":"cyan","model":{"type":"model","model":"item/bucket_a","tints":[{"type":"constant","value":1481370}]}},{"when":"purple","model":{"type":"model","model":"item/bucket_a","tints":[{"type":"constant","value":8860086}]}},{"when":"blue","model":{"type":"model","model":"item/bucket_a","tints":[{"type":"constant","value":3883944}]}},{"when":"brown","model":{"type":"model","model":"item/bucket_a","tints":[{"type":"constant","value":8475441}]}},{"when":"green","model":{"type":"model","model":"item/bucket_a","tints":[{"type":"constant","value":6126358}]}},{"when":"red","model":{"type":"model","model":"item/bucket_a","tints":[{"type":"constant","value":11414822}]}},{"when":"black","model":{"type":"model","model":"item/bucket_a","tints":[{"type":"constant","value":1908001}]}}],"fallback":{"type":"model","model":"item/bucket_a","tints":[{"type":"constant","value":16154141}]}}},{"type":"select","property":"component","component":"tropical_fish/pattern","cases":[{"when":"sunstreak","model":{"type":"select","property":"component","component":"tropical_fish/pattern_color","cases":[{"when":"orange","model":{"type":"model","model":"item/bucket_a2","tints":[{"type":"constant","value":16154141}]}},{"when":"magenta","model":{"type":"model","model":"item/bucket_a2","tints":[{"type":"constant","value":12930491}]}},{"when":"light_blue","model":{"type":"model","model":"item/bucket_a2","tints":[{"type":"constant","value":3781079}]}},{"when":"yellow","model":{"type":"model","model":"item/bucket_a2","tints":[{"type":"constant","value":16504124}]}},{"when":"lime","model":{"type":"model","model":"item/bucket_a2","tints":[{"type":"constant","value":8307999}]}},{"when":"pink","model":{"type":"model","model":"item/bucket_a2","tints":[{"type":"constant","value":15763880}]}},{"when":"gray","model":{"type":"model","model":"item/bucket_a2","tints":[{"type":"constant","value":4607569}]}},{"when":"light_gray","model":{"type":"model","model":"item/bucket_a2","tints":[{"type":"constant","value":10197909}]}},{"when":"cyan","model":{"type":"model","model":"item/bucket_a2","tints":[{"type":"constant","value":1481370}]}},{"when":"purple","model":{"type":"model","model":"item/bucket_a2","tints":[{"type":"constant","value":8860086}]}},{"when":"blue","model":{"type":"model","model":"item/bucket_a2","tints":[{"type":"constant","value":3883944}]}},{"when":"brown","model":{"type":"model","model":"item/bucket_a2","tints":[{"type":"constant","value":8475441}]}},{"when":"green","model":{"type":"model","model":"item/bucket_a2","tints":[{"type":"constant","value":6126358}]}},{"when":"red","model":{"type":"model","model":"item/bucket_a2","tints":[{"type":"constant","value":11414822}]}},{"when":"black","model":{"type":"model","model":"item/bucket_a2","tints":[{"type":"constant","value":1908001}]}}],"fallback":{"type":"model","model":"item/bucket_a2","tints":[{"type":"constant","value":16186619}]}}},{"when":"snooper","model":{"type":"select","property":"component","component":"tropical_fish/pattern_color","cases":[{"when":"orange","model":{"type":"model","model":"item/bucket_a3","tints":[{"type":"constant","value":16154141}]}},{"when":"magenta","model":{"type":"model","model":"item/bucket_a3","tints":[{"type":"constant","value":12930491}]}},{"when":"light_blue","model":{"type":"model","model":"item/bucket_a3","tints":[{"type":"constant","value":3781079}]}},{"when":"yellow","model":{"type":"model","model":"item/bucket_a3","tints":[{"type":"constant","value":16504124}]}},{"when":"lime","model":{"type":"model","model":"item/bucket_a3","tints":[{"type":"constant","value":8307999}]}},{"when":"pink","model":{"type":"model","model":"item/bucket_a3","tints":[{"type":"constant","value":15763880}]}},{"when":"gray","model":{"type":"model","model":"item/bucket_a3","tints":[{"type":"constant","value":4607569}]}},{"when":"light_gray","model":{"type":"model","model":"item/bucket_a3","tints":[{"type":"constant","value":10197909}]}},{"when":"cyan","model":{"type":"model","model":"item/bucket_a3","tints":[{"type":"constant","value":1481370}]}},{"when":"purple","model":{"type":"model","model":"item/bucket_a3","tints":[{"type":"constant","value":8860086}]}},{"when":"blue","model":{"type":"model","model":"item/bucket_a3","tints":[{"type":"constant","value":3883944}]}},{"when":"brown","model":{"type":"model","model":"item/bucket_a3","tints":[{"type":"constant","value":8475441}]}},{"when":"green","model":{"type":"model","model":"item/bucket_a3","tints":[{"type":"constant","value":6126358}]}},{"when":"red","model":{"type":"model","model":"item/bucket_a3","tints":[{"type":"constant","value":11414822}]}},{"when":"black","model":{"type":"model","model":"item/bucket_a3","tints":[{"type":"constant","value":1908001}]}}],"fallback":{"type":"model","model":"item/bucket_a3","tints":[{"type":"constant","value":16186619}]}}},{"when":"dasher","model":{"type":"select","property":"component","component":"tropical_fish/pattern_color","cases":[{"when":"orange","model":{"type":"model","model":"item/bucket_a4","tints":[{"type":"constant","value":16154141}]}},{"when":"magenta","model":{"type":"model","model":"item/bucket_a4","tints":[{"type":"constant","value":12930491}]}},{"when":"light_blue","model":{"type":"model","model":"item/bucket_a4","tints":[{"type":"constant","value":3781079}]}},{"when":"yellow","model":{"type":"model","model":"item/bucket_a4","tints":[{"type":"constant","value":16504124}]}},{"when":"lime","model":{"type":"model","model":"item/bucket_a4","tints":[{"type":"constant","value":8307999}]}},{"when":"pink","model":{"type":"model","model":"item/bucket_a4","tints":[{"type":"constant","value":15763880}]}},{"when":"gray","model":{"type":"model","model":"item/bucket_a4","tints":[{"type":"constant","value":4607569}]}},{"when":"light_gray","model":{"type":"model","model":"item/bucket_a4","tints":[{"type":"constant","value":10197909}]}},{"when":"cyan","model":{"type":"model","model":"item/bucket_a4","tints":[{"type":"constant","value":1481370}]}},{"when":"purple","model":{"type":"model","model":"item/bucket_a4","tints":[{"type":"constant","value":8860086}]}},{"when":"blue","model":{"type":"model","model":"item/bucket_a4","tints":[{"type":"constant","value":3883944}]}},{"when":"brown","model":{"type":"model","model":"item/bucket_a4","tints":[{"type":"constant","value":8475441}]}},{"when":"green","model":{"type":"model","model":"item/bucket_a4","tints":[{"type":"constant","value":6126358}]}},{"when":"red","model":{"type":"model","model":"item/bucket_a4","tints":[{"type":"constant","value":11414822}]}},{"when":"black","model":{"type":"model","model":"item/bucket_a4","tints":[{"type":"constant","value":1908001}]}}],"fallback":{"type":"model","model":"item/bucket_a4","tints":[{"type":"constant","value":16186619}]}}},{"when":"brinely","model":{"type":"select","property":"component","component":"tropical_fish/pattern_color","cases":[{"when":"orange","model":{"type":"model","model":"item/bucket_a5","tints":[{"type":"constant","value":16154141}]}},{"when":"magenta","model":{"type":"model","model":"item/bucket_a5","tints":[{"type":"constant","value":12930491}]}},{"when":"light_blue","model":{"type":"model","model":"item/bucket_a5","tints":[{"type":"constant","value":3781079}]}},{"when":"yellow","model":{"type":"model","model":"item/bucket_a5","tints":[{"type":"constant","value":16504124}]}},{"when":"lime","model":{"type":"model","model":"item/bucket_a5","tints":[{"type":"constant","value":8307999}]}},{"when":"pink","model":{"type":"model","model":"item/bucket_a5","tints":[{"type":"constant","value":15763880}]}},{"when":"gray","model":{"type":"model","model":"item/bucket_a5","tints":[{"type":"constant","value":4607569}]}},{"when":"light_gray","model":{"type":"model","model":"item/bucket_a5","tints":[{"type":"constant","value":10197909}]}},{"when":"cyan","model":{"type":"model","model":"item/bucket_a5","tints":[{"type":"constant","value":1481370}]}},{"when":"purple","model":{"type":"model","model":"item/bucket_a5","tints":[{"type":"constant","value":8860086}]}},{"when":"blue","model":{"type":"model","model":"item/bucket_a5","tints":[{"type":"constant","value":3883944}]}},{"when":"brown","model":{"type":"model","model":"item/bucket_a5","tints":[{"type":"constant","value":8475441}]}},{"when":"green","model":{"type":"model","model":"item/bucket_a5","tints":[{"type":"constant","value":6126358}]}},{"when":"red","model":{"type":"model","model":"item/bucket_a5","tints":[{"type":"constant","value":11414822}]}},{"when":"black","model":{"type":"model","model":"item/bucket_a5","tints":[{"type":"constant","value":1908001}]}}],"fallback":{"type":"model","model":"item/bucket_a5","tints":[{"type":"constant","value":16186619}]}}},{"when":"spotty","model":{"type":"select","property":"component","component":"tropical_fish/pattern_color","cases":[{"when":"orange","model":{"type":"model","model":"item/bucket_a6","tints":[{"type":"constant","value":16154141}]}},{"when":"magenta","model":{"type":"model","model":"item/bucket_a6","tints":[{"type":"constant","value":12930491}]}},{"when":"light_blue","model":{"type":"model","model":"item/bucket_a6","tints":[{"type":"constant","value":3781079}]}},{"when":"yellow","model":{"type":"model","model":"item/bucket_a6","tints":[{"type":"constant","value":16504124}]}},{"when":"lime","model":{"type":"model","model":"item/bucket_a6","tints":[{"type":"constant","value":8307999}]}},{"when":"pink","model":{"type":"model","model":"item/bucket_a6","tints":[{"type":"constant","value":15763880}]}},{"when":"gray","model":{"type":"model","model":"item/bucket_a6","tints":[{"type":"constant","value":4607569}]}},{"when":"light_gray","model":{"type":"model","model":"item/bucket_a6","tints":[{"type":"constant","value":10197909}]}},{"when":"cyan","model":{"type":"model","model":"item/bucket_a6","tints":[{"type":"constant","value":1481370}]}},{"when":"purple","model":{"type":"model","model":"item/bucket_a6","tints":[{"type":"constant","value":8860086}]}},{"when":"blue","model":{"type":"model","model":"item/bucket_a6","tints":[{"type":"constant","value":3883944}]}},{"when":"brown","model":{"type":"model","model":"item/bucket_a6","tints":[{"type":"constant","value":8475441}]}},{"when":"green","model":{"type":"model","model":"item/bucket_a6","tints":[{"type":"constant","value":6126358}]}},{"when":"red","model":{"type":"model","model":"item/bucket_a6","tints":[{"type":"constant","value":11414822}]}},{"when":"black","model":{"type":"model","model":"item/bucket_a6","tints":[{"type":"constant","value":1908001}]}}],"fallback":{"type":"model","model":"item/bucket_a6","tints":[{"type":"constant","value":16186619}]}}},{"when":"flopper","model":{"type":"select","property":"component","component":"tropical_fish/pattern_color","cases":[{"when":"orange","model":{"type":"model","model":"item/bucket_b1","tints":[{"type":"constant","value":16154141}]}},{"when":"magenta","model":{"type":"model","model":"item/bucket_b1","tints":[{"type":"constant","value":12930491}]}},{"when":"light_blue","model":{"type":"model","model":"item/bucket_b1","tints":[{"type":"constant","value":3781079}]}},{"when":"yellow","model":{"type":"model","model":"item/bucket_b1","tints":[{"type":"constant","value":16504124}]}},{"when":"lime","model":{"type":"model","model":"item/bucket_b1","tints":[{"type":"constant","value":8307999}]}},{"when":"pink","model":{"type":"model","model":"item/bucket_b1","tints":[{"type":"constant","value":15763880}]}},{"when":"gray","model":{"type":"model","model":"item/bucket_b1","tints":[{"type":"constant","value":4607569}]}},{"when":"light_gray","model":{"type":"model","model":"item/bucket_b1","tints":[{"type":"constant","value":10197909}]}},{"when":"cyan","model":{"type":"model","model":"item/bucket_b1","tints":[{"type":"constant","value":1481370}]}},{"when":"purple","model":{"type":"model","model":"item/bucket_b1","tints":[{"type":"constant","value":8860086}]}},{"when":"blue","model":{"type":"model","model":"item/bucket_b1","tints":[{"type":"constant","value":3883944}]}},{"when":"brown","model":{"type":"model","model":"item/bucket_b1","tints":[{"type":"constant","value":8475441}]}},{"when":"green","model":{"type":"model","model":"item/bucket_b1","tints":[{"type":"constant","value":6126358}]}},{"when":"red","model":{"type":"model","model":"item/bucket_b1","tints":[{"type":"constant","value":11414822}]}},{"when":"black","model":{"type":"model","model":"item/bucket_b1","tints":[{"type":"constant","value":1908001}]}}],"fallback":{"type":"model","model":"item/bucket_b1","tints":[{"type":"constant","value":16186619}]}}},{"when":"stripey","model":{"type":"select","property":"component","component":"tropical_fish/pattern_color","cases":[{"when":"orange","model":{"type":"model","model":"item/bucket_b2","tints":[{"type":"constant","value":16154141}]}},{"when":"magenta","model":{"type":"model","model":"item/bucket_b2","tints":[{"type":"constant","value":12930491}]}},{"when":"light_blue","model":{"type":"model","model":"item/bucket_b2","tints":[{"type":"constant","value":3781079}]}},{"when":"yellow","model":{"type":"model","model":"item/bucket_b2","tints":[{"type":"constant","value":16504124}]}},{"when":"lime","model":{"type":"model","model":"item/bucket_b2","tints":[{"type":"constant","value":8307999}]}},{"when":"pink","model":{"type":"model","model":"item/bucket_b2","tints":[{"type":"constant","value":15763880}]}},{"when":"gray","model":{"type":"model","model":"item/bucket_b2","tints":[{"type":"constant","value":4607569}]}},{"when":"light_gray","model":{"type":"model","model":"item/bucket_b2","tints":[{"type":"constant","value":10197909}]}},{"when":"cyan","model":{"type":"model","model":"item/bucket_b2","tints":[{"type":"constant","value":1481370}]}},{"when":"purple","model":{"type":"model","model":"item/bucket_b2","tints":[{"type":"constant","value":8860086}]}},{"when":"blue","model":{"type":"model","model":"item/bucket_b2","tints":[{"type":"constant","value":3883944}]}},{"when":"brown","model":{"type":"model","model":"item/bucket_b2","tints":[{"type":"constant","value":8475441}]}},{"when":"green","model":{"type":"model","model":"item/bucket_b2","tints":[{"type":"constant","value":6126358}]}},{"when":"red","model":{"type":"model","model":"item/bucket_b2","tints":[{"type":"constant","value":11414822}]}},{"when":"black","model":{"type":"model","model":"item/bucket_b2","tints":[{"type":"constant","value":1908001}]}}],"fallback":{"type":"model","model":"item/bucket_b2","tints":[{"type":"constant","value":16186619}]}}},{"when":"glitter","model":{"type":"select","property":"component","component":"tropical_fish/pattern_color","cases":[{"when":"orange","model":{"type":"model","model":"item/bucket_b3","tints":[{"type":"constant","value":16154141}]}},{"when":"magenta","model":{"type":"model","model":"item/bucket_b3","tints":[{"type":"constant","value":12930491}]}},{"when":"light_blue","model":{"type":"model","model":"item/bucket_b3","tints":[{"type":"constant","value":3781079}]}},{"when":"yellow","model":{"type":"model","model":"item/bucket_b3","tints":[{"type":"constant","value":16504124}]}},{"when":"lime","model":{"type":"model","model":"item/bucket_b3","tints":[{"type":"constant","value":8307999}]}},{"when":"pink","model":{"type":"model","model":"item/bucket_b3","tints":[{"type":"constant","value":15763880}]}},{"when":"gray","model":{"type":"model","model":"item/bucket_b3","tints":[{"type":"constant","value":4607569}]}},{"when":"light_gray","model":{"type":"model","model":"item/bucket_b3","tints":[{"type":"constant","value":10197909}]}},{"when":"cyan","model":{"type":"model","model":"item/bucket_b3","tints":[{"type":"constant","value":1481370}]}},{"when":"purple","model":{"type":"model","model":"item/bucket_b3","tints":[{"type":"constant","value":8860086}]}},{"when":"blue","model":{"type":"model","model":"item/bucket_b3","tints":[{"type":"constant","value":3883944}]}},{"when":"brown","model":{"type":"model","model":"item/bucket_b3","tints":[{"type":"constant","value":8475441}]}},{"when":"green","model":{"type":"model","model":"item/bucket_b3","tints":[{"type":"constant","value":6126358}]}},{"when":"red","model":{"type":"model","model":"item/bucket_b3","tints":[{"type":"constant","value":11414822}]}},{"when":"black","model":{"type":"model","model":"item/bucket_b3","tints":[{"type":"constant","value":1908001}]}}],"fallback":{"type":"model","model":"item/bucket_b3","tints":[{"type":"constant","value":16186619}]}}},{"when":"blockfish","model":{"type":"select","property":"component","component":"tropical_fish/pattern_color","cases":[{"when":"orange","model":{"type":"model","model":"item/bucket_b4","tints":[{"type":"constant","value":16154141}]}},{"when":"magenta","model":{"type":"model","model":"item/bucket_b4","tints":[{"type":"constant","value":12930491}]}},{"when":"light_blue","model":{"type":"model","model":"item/bucket_b4","tints":[{"type":"constant","value":3781079}]}},{"when":"yellow","model":{"type":"model","model":"item/bucket_b4","tints":[{"type":"constant","value":16504124}]}},{"when":"lime","model":{"type":"model","model":"item/bucket_b4","tints":[{"type":"constant","value":8307999}]}},{"when":"pink","model":{"type":"model","model":"item/bucket_b4","tints":[{"type":"constant","value":15763880}]}},{"when":"gray","model":{"type":"model","model":"item/bucket_b4","tints":[{"type":"constant","value":4607569}]}},{"when":"light_gray","model":{"type":"model","model":"item/bucket_b4","tints":[{"type":"constant","value":10197909}]}},{"when":"cyan","model":{"type":"model","model":"item/bucket_b4","tints":[{"type":"constant","value":1481370}]}},{"when":"purple","model":{"type":"model","model":"item/bucket_b4","tints":[{"type":"constant","value":8860086}]}},{"when":"blue","model":{"type":"model","model":"item/bucket_b4","tints":[{"type":"constant","value":3883944}]}},{"when":"brown","model":{"type":"model","model":"item/bucket_b4","tints":[{"type":"constant","value":8475441}]}},{"when":"green","model":{"type":"model","model":"item/bucket_b4","tints":[{"type":"constant","value":6126358}]}},{"when":"red","model":{"type":"model","model":"item/bucket_b4","tints":[{"type":"constant","value":11414822}]}},{"when":"black","model":{"type":"model","model":"item/bucket_b4","tints":[{"type":"constant","value":1908001}]}}],"fallback":{"type":"model","model":"item/bucket_b4","tints":[{"type":"constant","value":16186619}]}}},{"when":"betty","model":{"type":"select","property":"component","component":"tropical_fish/pattern_color","cases":[{"when":"orange","model":{"type":"model","model":"item/bucket_b5","tints":[{"type":"constant","value":16154141}]}},{"when":"magenta","model":{"type":"model","model":"item/bucket_b5","tints":[{"type":"constant","value":12930491}]}},{"when":"light_blue","model":{"type":"model","model":"item/bucket_b5","tints":[{"type":"constant","value":3781079}]}},{"when":"yellow","model":{"type":"model","model":"item/bucket_b5","tints":[{"type":"constant","value":16504124}]}},{"when":"lime","model":{"type":"model","model":"item/bucket_b5","tints":[{"type":"constant","value":8307999}]}},{"when":"pink","model":{"type":"model","model":"item/bucket_b5","tints":[{"type":"constant","value":15763880}]}},{"when":"gray","model":{"type":"model","model":"item/bucket_b5","tints":[{"type":"constant","value":4607569}]}},{"when":"light_gray","model":{"type":"model","model":"item/bucket_b5","tints":[{"type":"constant","value":10197909}]}},{"when":"cyan","model":{"type":"model","model":"item/bucket_b5","tints":[{"type":"constant","value":1481370}]}},{"when":"purple","model":{"type":"model","model":"item/bucket_b5","tints":[{"type":"constant","value":8860086}]}},{"when":"blue","model":{"type":"model","model":"item/bucket_b5","tints":[{"type":"constant","value":3883944}]}},{"when":"brown","model":{"type":"model","model":"item/bucket_b5","tints":[{"type":"constant","value":8475441}]}},{"when":"green","model":{"type":"model","model":"item/bucket_b5","tints":[{"type":"constant","value":6126358}]}},{"when":"red","model":{"type":"model","model":"item/bucket_b5","tints":[{"type":"constant","value":11414822}]}},{"when":"black","model":{"type":"model","model":"item/bucket_b5","tints":[{"type":"constant","value":1908001}]}}],"fallback":{"type":"model","model":"item/bucket_b5","tints":[{"type":"constant","value":16186619}]}}},{"when":"clayfish","model":{"type":"select","property":"component","component":"tropical_fish/pattern_color","cases":[{"when":"orange","model":{"type":"model","model":"item/bucket_b6","tints":[{"type":"constant","value":16154141}]}},{"when":"magenta","model":{"type":"model","model":"item/bucket_b6","tints":[{"type":"constant","value":12930491}]}},{"when":"light_blue","model":{"type":"model","model":"item/bucket_b6","tints":[{"type":"constant","value":3781079}]}},{"when":"yellow","model":{"type":"model","model":"item/bucket_b6","tints":[{"type":"constant","value":16504124}]}},{"when":"lime","model":{"type":"model","model":"item/bucket_b6","tints":[{"type":"constant","value":8307999}]}},{"when":"pink","model":{"type":"model","model":"item/bucket_b6","tints":[{"type":"constant","value":15763880}]}},{"when":"gray","model":{"type":"model","model":"item/bucket_b6","tints":[{"type":"constant","value":4607569}]}},{"when":"light_gray","model":{"type":"model","model":"item/bucket_b6","tints":[{"type":"constant","value":10197909}]}},{"when":"cyan","model":{"type":"model","model":"item/bucket_b6","tints":[{"type":"constant","value":1481370}]}},{"when":"purple","model":{"type":"model","model":"item/bucket_b6","tints":[{"type":"constant","value":8860086}]}},{"when":"blue","model":{"type":"model","model":"item/bucket_b6","tints":[{"type":"constant","value":3883944}]}},{"when":"brown","model":{"type":"model","model":"item/bucket_b6","tints":[{"type":"constant","value":8475441}]}},{"when":"green","model":{"type":"model","model":"item/bucket_b6","tints":[{"type":"constant","value":6126358}]}},{"when":"red","model":{"type":"model","model":"item/bucket_b6","tints":[{"type":"constant","value":11414822}]}},{"when":"black","model":{"type":"model","model":"item/bucket_b6","tints":[{"type":"constant","value":1908001}]}}],"fallback":{"type":"model","model":"item/bucket_b6","tints":[{"type":"constant","value":16186619}]}}}],"fallback":{"type":"select","property":"component","component":"tropical_fish/pattern_color","cases":[{"when":"orange","model":{"type":"model","model":"item/bucket_a1","tints":[{"type":"constant","value":16154141}]}},{"when":"magenta","model":{"type":"model","model":"item/bucket_a1","tints":[{"type":"constant","value":12930491}]}},{"when":"light_blue","model":{"type":"model","model":"item/bucket_a1","tints":[{"type":"constant","value":3781079}]}},{"when":"yellow","model":{"type":"model","model":"item/bucket_a1","tints":[{"type":"constant","value":16504124}]}},{"when":"lime","model":{"type":"model","model":"item/bucket_a1","tints":[{"type":"constant","value":8307999}]}},{"when":"pink","model":{"type":"model","model":"item/bucket_a1","tints":[{"type":"constant","value":15763880}]}},{"when":"gray","model":{"type":"model","model":"item/bucket_a1","tints":[{"type":"constant","value":4607569}]}},{"when":"light_gray","model":{"type":"model","model":"item/bucket_a1","tints":[{"type":"constant","value":10197909}]}},{"when":"cyan","model":{"type":"model","model":"item/bucket_a1","tints":[{"type":"constant","value":1481370}]}},{"when":"purple","model":{"type":"model","model":"item/bucket_a1","tints":[{"type":"constant","value":8860086}]}},{"when":"blue","model":{"type":"model","model":"item/bucket_a1","tints":[{"type":"constant","value":3883944}]}},{"when":"brown","model":{"type":"model","model":"item/bucket_a1","tints":[{"type":"constant","value":8475441}]}},{"when":"green","model":{"type":"model","model":"item/bucket_a1","tints":[{"type":"constant","value":6126358}]}},{"when":"red","model":{"type":"model","model":"item/bucket_a1","tints":[{"type":"constant","value":11414822}]}},{"when":"black","model":{"type":"model","model":"item/bucket_a1","tints":[{"type":"constant","value":1908001}]}}],"fallback":{"type":"model","model":"item/bucket_a1","tints":[{"type":"constant","value":16186619}]}}}]}}