{"model":{"type":"minecraft:select","property":"minecraft:component","component":"minecraft:custom_name","cases":[{"when":["Anemone","anemone"],"model":{"type":"minecraft:model","model":"item/tropical_fish_b2","tints":[{"type":"minecraft:constant","value":16154141},{"type":"minecraft:constant","value":4607569}]}},{"when":["Black Tang","Black tang","black tang"],"model":{"type":"minecraft:model","model":"item/tropical_fish_b","tints":[{"type":"minecraft:constant","value":4607569},{"type":"minecraft:constant","value":4607569}]}},{"when":["Blue Tang","Blue tang","blue tang"],"model":{"type":"minecraft:model","model":"item/tropical_fish_b","tints":[{"type":"minecraft:constant","value":4607569},{"type":"minecraft:constant","value":3883944}]}},{"when":["Butterflyfish","butterflyfish","Butterfly Fish","Butterfly fish","butterfly fish"],"model":{"type":"minecraft:model","model":"item/tropical_fish_b6","tints":[{"type":"minecraft:constant","value":16186619},{"type":"minecraft:constant","value":4607569}]}},{"when":["Cichlid","cichlid"],"model":{"type":"minecraft:model","model":"item/tropical_fish_a2","tints":[{"type":"minecraft:constant","value":3883944},{"type":"minecraft:constant","value":4607569}]}},{"when":["Cotton Candy Betta","Cotton Candy betta","Cotton candy betta","cotton candy betta"],"model":{"type":"minecraft:model","model":"item/tropical_fish_a6","tints":[{"type":"minecraft:constant","value":15763880},{"type":"minecraft:constant","value":3781079}]}},{"when":["Dottyback","dottyback"],"model":{"type":"minecraft:model","model":"item/tropical_fish_b4","tints":[{"type":"minecraft:constant","value":8860086},{"type":"minecraft:constant","value":16504124}]}},{"when":["Emperor Red Snapper","Emperor red snapper","emperor red snapper"],"model":{"type":"minecraft:model","model":"item/tropical_fish_b6","tints":[{"type":"minecraft:constant","value":16186619},{"type":"minecraft:constant","value":11414822}]}},{"when":["Goatfish","goatfish","Goat Fish","Goat fish","goat fish"],"model":{"type":"minecraft:model","model":"item/tropical_fish_a6","tints":[{"type":"minecraft:constant","value":16186619},{"type":"minecraft:constant","value":16504124}]}},{"when":["Moorish Idol","Moorish idol","moorish idol"],"model":{"type":"minecraft:model","model":"item/tropical_fish_b3","tints":[{"type":"minecraft:constant","value":16186619},{"type":"minecraft:constant","value":4607569}]}},{"when":["Ornate Butterflyfish","Ornate butterflyfish","ornate butterflyfish","Ornate Butterfly","Ornate butterfly","ornate butterfly"],"model":{"type":"minecraft:model","model":"item/tropical_fish_b6","tints":[{"type":"minecraft:constant","value":16186619},{"type":"minecraft:constant","value":16154141}]}},{"when":["Parrotfish","parrotfish","Parrot Fish","Parrot fish","parrot fish"],"model":{"type":"minecraft:model","model":"item/tropical_fish_a4","tints":[{"type":"minecraft:constant","value":1481370},{"type":"minecraft:constant","value":15763880}]}},{"when":["Queen Angelfish","Queen angelfish","queen angelfish","Queen Angel Fish","Queen angel fish","queen angel fish"],"model":{"type":"minecraft:model","model":"item/tropical_fish_a5","tints":[{"type":"minecraft:constant","value":8307999},{"type":"minecraft:constant","value":3781079}]}},{"when":["Red Cichlid","Red cichlid","red cichlid"],"model":{"type":"minecraft:model","model":"item/tropical_fish_b5","tints":[{"type":"minecraft:constant","value":11414822},{"type":"minecraft:constant","value":16186619}]}},{"when":["Red Lipped Blenny","Red lipped blenny","red lipped blenny"],"model":{"type":"minecraft:model","model":"item/tropical_fish_a3","tints":[{"type":"minecraft:constant","value":4607569},{"type":"minecraft:constant","value":11414822}]}},{"when":["Red Snapper","Red snapper","red snapper"],"model":{"type":"minecraft:model","model":"item/tropical_fish_b4","tints":[{"type":"minecraft:constant","value":11414822},{"type":"minecraft:constant","value":16186619}]}},{"when":["Threadfin","threadfin"],"model":{"type":"minecraft:model","model":"item/tropical_fish_b","tints":[{"type":"minecraft:constant","value":16186619},{"type":"minecraft:constant","value":16504124}]}},{"when":["Tomato Clownfish","Tomato clownfish","tomato clownfish"],"model":{"type":"minecraft:model","model":"item/tropical_fish_a","tints":[{"type":"minecraft:constant","value":11414822},{"type":"minecraft:constant","value":16186619}]}},{"when":["Triggerfish","triggerfish","Trigger Fish","Trigger fish","trigger fish"],"model":{"type":"minecraft:model","model":"item/tropical_fish_a2","tints":[{"type":"minecraft:constant","value":4607569},{"type":"minecraft:constant","value":16186619}]}},{"when":["Yellowtail Parrotfish","Yellowtail parrotfish","yellowtail parrotfish","Yellowtail Parrot","Yellowtail parrot","yellowtail parrot"],"model":{"type":"minecraft:model","model":"item/tropical_fish_a4","tints":[{"type":"minecraft:constant","value":1481370},{"type":"minecraft:constant","value":16504124}]}},{"when":["Yellow Tang","Yellow tang","yellow tang"],"model":{"type":"minecraft:model","model":"item/tropical_fish_b","tints":[{"type":"minecraft:constant","value":16504124},{"type":"minecraft:constant","value":16504124}]}},{"when":["Blue Dory","Blue dory","blue dory"],"model":{"type":"minecraft:model","model":"item/tropical_fish_a2","tints":[{"type":"minecraft:constant","value":4607569},{"type":"minecraft:constant","value":3781079}]}},{"when":["Tomato Clown","Tomato clown","tomato clown"],"model":{"type":"minecraft:model","model":"item/tropical_fish_a2","tints":[{"type":"minecraft:constant","value":11414822},{"type":"minecraft:constant","value":16186619}]}}],"fallback":{"type":"minecraft:model","model":"item/tropical_fish_a","tints":[{"type":"minecraft:constant","value":16154141},{"type":"minecraft:constant","value":16186619}]}}}