[
  {
    "user": {
      "type": "player",
      "name": "oBrazoo_",
      "uniqueId": "7bc116b3-ab7b-4333-8f82-c89fdeaf0072"
    },
    "time": 1766333268491,
    "type": "Profiler",
    "data": {
      "type": "url",
      "value": "https://spark.lucko.me/khH1l9jTtw"
    }
  },
  {
    "user": {
      "type": "player",
      "name": "oBrazoo_",
      "uniqueId": "7bc116b3-ab7b-4333-8f82-c89fdeaf0072"
    },
    "time": 1766252938465,
    "type": "Profiler",
    "data": {
      "type": "url",
      "value": "https://spark.lucko.me/NRXUtIwjyO"
    }
  }
]